schema:identifier,schema:latitude,schema:longitude,ksj:NOO,ksj:NPL,ksj:AS3,ksj:DSO,ksj:PAN,ksj:PMP,ksj:CSB,ksj:TPE,ksj:CSU,ksj:DEM,ksj:DEC,ksj:DEE,ksj:DSH,ksj:STS,ksj:FUT,ksj:DBP,ksj:DPS,ksj:DAC,ksj:NWS,ksj:GRP,ksj:TWG,ksj:MGP,ksj:MUW,ksj:MER,ksj:UPP,ksj:LOP,ksj:CWW,ksj:TWW,ksj:NWW,ksj:HPC
fc04_1,26.3803050709411,127.875084219936,沖縄電力株式会社,具志川火力発電所,沖縄県うるま市字宇堅657番地,1994-03,1,156,専焼,3,石炭,湿式,510,100,,,,,,,,,,,,,,,,,,
fc04_2,26.3803050709411,127.875084219936,沖縄電力株式会社,具志川火力発電所,沖縄県うるま市字宇堅657番地,1995-03,2,156,専焼,3,石炭,湿式,510,100,,,,,,,,,,,,,,,,,,
fc04_3,26.4312210470699,127.840695237211,電源開発株式会社,石川石炭火力発電所,沖縄県うるま市石川橋崎,1986-11,1,156,専焼,3,石炭,湿式,0,0,,,,,,,,,,,,,,,,,,
fc04_4,26.4312210470699,127.840695237211,電源開発株式会社,石川石炭火力発電所,沖縄県うるま市石川橋崎,1987-03,2,156,専焼,3,石炭,湿式,0,0,,,,,,,,,,,,,,,,,,
fc04_5,32.4881108758754,130.042889242499,九州電力株式会社,苓北火力発電所,熊本県天草郡苓北町年柄字苓陽1091番地,1995-12,1,700,専焼,3,石炭,湿式,2452,100,,,,,,,,,,,,,,,,,,
fc04_6,32.4881108758754,130.042889242499,九州電力株式会社,苓北火力発電所,熊本県天草郡苓北町年柄字苓陽1091番地,2003-06,2,700,専焼,3,石炭,湿式,2118,100,,,,,,,,,,,,,,,,,,
fc04_7,32.9414168134604,129.59727831842,電源開発株式会社,松島火力発電所,長崎県西海市大瀬戸町,1981-01,1,500,専焼,3,石炭,湿式,0,0,,,,,,,,,,,,,,,,,,
fc04_8,32.9414168134604,129.59727831842,電源開発株式会社,松島火力発電所,長崎県西海市大瀬戸町,1981-06,2,500,専焼,3,石炭,湿式,0,0,,,,,,,,,,,,,,,,,,
fc04_9,33.3505558304205,129.683611300379,九州電力株式会社,松浦火力発電所,長崎県松浦市志佐町白浜免字開発2091番地1,1989-06,1,700,専焼,3,石炭,湿式,2452,100,,,,,,,,,,,,,,,,,,
fc04_10,33.3505558304205,129.683611300379,九州電力株式会社,松浦火力発電所,長崎県松浦市志佐町白浜免字開発2091番地1,2023,2,1000,専焼,3,石炭,,0,0,,,,,,,,,,,,,,,,,,
fc04_11,33.3548328314218,129.68975029922,電源開発株式会社,松浦火力発電所,長崎県松浦市志佐町,1990-06,1,1000,専焼,3,石炭,湿式,3401,100,,,,,,,,,,,,,,,,,,
fc04_12,33.3548328314218,129.68975029922,電源開発株式会社,松浦火力発電所,長崎県松浦市志佐町,1997-07,2,1000,専焼,3,石炭,湿式,3300,100,,,,,,,,,,,,,,,,,,
fc04_13,33.7869439562887,130.997361121986,九州電力株式会社,苅田火力発電所,福岡県京都郡苅田町長浜町1番地1,2001-07,新1,360,専焼,3,石炭,炉内,1270,100,,,,,,,,,,,,,,,,,,
fc04_14,34.0020559568585,131.000500121427,中国電力株式会社,下関火力発電所,山口県下関市長府港町9-1,1967-03,1,175,混焼,3,重油,湿式,638,100,,,,,,,,,,,,,,,,,,
fc04_15,33.9684439640394,131.164111107161,中国電力株式会社,新小野田火力発電所,山口県山陽小野田市新沖2丁目1番1号,1986-04,1,500,混焼,3,重油,湿式,1778,100,,,,,,,,,,,,,,,,,,
fc04_16,33.9684439640394,131.164111107161,中国電力株式会社,新小野田火力発電所,山口県山陽小野田市新沖2丁目1番1号,1987-01,2,500,混焼,3,重油,湿式,1778,100,,,,,,,,,,,,,,,,,,
fc04_17,33.9337219974917,133.168500015241,四国電力株式会社,西条火力発電所,愛媛県西条市喜多川853,1965-11,1,156,混焼,3,重油,湿式,648,100,1983-07,,,,,,,,,,,,,,,,,
fc04_18,33.9337219974917,133.168500015241,四国電力株式会社,西条火力発電所,愛媛県西条市喜多川853,1970-06,2,250,混焼,3,重油,湿式,918,100,1984-01,,,,,,,,,,,,,,,,,
fc04_19,33.9534169977976,133.249306013695,住友共同電力株式会社,新居浜西火力発電所,愛媛県新居浜市磯浦町16番5号,1959-08,1,75,混焼,3,重油,,0,0,,,,,,,,,,,,,,,,,,
fc04_20,33.9534169977976,133.249306013695,住友共同電力株式会社,新居浜西火力発電所,愛媛県新居浜市磯浦町16番5号,1962-09,2,75,混焼,3,重油,,0,0,,,,,,,,,,,,,,,,,,
fc04_21,33.9754439979229,133.284583013047,住友共同電力株式会社,新居浜東火力発電所,愛媛県新居浜市菊本町1丁目10番2号,1969-02,1,27,混焼,3,重油,炉内,273,100,1986-07,,,,,,,,,,,,,,,,,
fc04_22,34.3380559966111,132.956444019666,電源開発株式会社,竹原火力発電所,広島県竹原市忠海長浜2-1-1,1967-07,1,250,専焼,3,石炭,湿式,1021,100,,,,,,,,,,,,,,,,,,
fc04_23,34.3380559966111,132.956444019666,電源開発株式会社,竹原火力発電所,広島県竹原市忠海長浜2-1-1,1974-06,2,350,専焼,3,石炭,炉内,1163,100,1995-06,,,,,,,,,,,,,,,,,
fc04_24,34.3380559966111,132.956444019666,電源開発株式会社,竹原火力発電所,広島県竹原市忠海長浜2-1-1,1983-03,3,700,専焼,3,石炭,湿式,2414,100,,,,,,,,,,,,,,,,,,
fc04_25,34.7540830002872,134.766805993713,電源開発株式会社,高砂火力発電所,兵庫県高砂市梅井,1968-07,1,250,専焼,3,石炭,湿式,0,0,,,,,,,,,,,,,,,,,,
fc04_26,34.7540830002872,134.766805993713,電源開発株式会社,高砂火力発電所,兵庫県高砂市梅井,1969-01,2,250,専焼,3,石炭,湿式,0,0,,,,,,,,,,,,,,,,,,
fc04_27,36.7651940101082,137.128332844101,北陸電力株式会社,富山新港火力発電所,富山県射水市堀江千石,1981-11,2,500,専焼,8,原油,,1470,100,,,,,,,,,,,,,,,,,,
fc04_28,36.7651940101082,137.128332844101,北陸電力株式会社,富山新港火力発電所,富山県射水市堀江千石,1971-09,石炭1,250,専焼,3,重油,湿式,895,100,1984-11,,,,,,,,,,,,,,,,,
fc04_29,37.0649720091149,137.005527857669,北陸電力株式会社,七尾大田火力発電所,石川県七尾市大田町114部2-4,1995-03,1,500,専焼,3,石炭,湿式,1800,100,,,,,,,,,,,,,,,,,,
fc04_30,37.0649720091149,137.005527857669,北陸電力株式会社,七尾大田火力発電所,石川県七尾市大田町114部2-4,1998-07,2,700,専焼,3,石炭,湿式,2480,100,,,,,,,,,,,,,,,,,,
fc04_31,36.9128062554514,140.81516363094,常磐共同火力株式会社,勿来火力発電所,福島県いわき市佐糠町大島20,1966-11,6,175,専焼,8,重油,,0,0,,,,,,,,,,,,,,,,,,
fc04_32,36.9128062554514,140.81516363094,常磐共同火力株式会社,勿来火力発電所,福島県いわき市佐糠町大島20,1970-10,7,250,混焼,3,重油,炉内,0,0,,,,,,,,,,,,,,,,,,
fc04_33,36.9128062554514,140.81516363094,常磐共同火力株式会社,勿来火力発電所,福島県いわき市佐糠町大島20,1983-09,8,600,混焼,3,重油,湿式,2039,100,,,,,,,,,,,,,,,,,,
fc04_34,37.8424442950184,140.941968042564,相馬共同火力発電株式会社,新地火力発電所,福島県相馬郡新地町駒ヶ嶺字今神1番地1,1994-07,1,1000,専焼,3,石炭,湿式,3570,100,,,,,,,,,,,,,,,,,,
fc04_35,37.8424442950184,140.941968042564,相馬共同火力発電株式会社,新地火力発電所,福島県相馬郡新地町駒ヶ嶺字今神1番地1,1995-07,2,1000,専焼,3,石炭,湿式,3570,100,,,,,,,,,,,,,,,,,,
fc04_36,37.6682503073253,141.009328906664,東北電力株式会社,原町火力発電所,福島県南相馬市原町区金沢字大船迫54,1997-07,1,1000,専焼,3,石炭,湿式,3610,100,,,,,,,,,,,,,,,,,,
fc04_37,37.6682503073253,141.009328906664,東北電力株式会社,原町火力発電所,福島県南相馬市原町区金沢字大船迫54,1998-07,2,1000,専焼,3,石炭,湿式,3610,100,,,,,,,,,,,,,,,,,,
fc04_38,38.9724721325649,139.831276076039,酒田共同火力発電株式会社,酒田火力発電所,山形県酒田市大字宮海字南浜1番19,1977-10,1,350,専混焼,3,COG,湿式,459,35,1984-09,,,,,,,,,,,,,,,,,
fc04_39,38.9724721325649,139.831276076039,酒田共同火力発電株式会社,酒田火力発電所,山形県酒田市大字宮海字南浜1番19,1978-10,2,350,専混焼,3,COG,湿式,459,35,1992-06,,,,,,,,,,,,,,,,,
fc04_40,40.1971391589113,139.9946366207,東北電力株式会社,能代火力発電所,秋田県能代市字大森山,1993-05,1,600,専焼,3,石炭,湿式,0,0,,,,,,,,,,,,,,,,,,
fc04_41,40.1971391589113,139.9946366207,東北電力株式会社,能代火力発電所,秋田県能代市字大森山,1994-12,2,600,専焼,3,石炭,湿式,2190,100,,,,,,,,,,,,,,,,,,
fc04_42,42.6130566514027,141.805879236658,北海道電力株式会社,苫東厚真火力発電所,北海道勇払郡厚真町浜厚真,1980-10,1,350,専焼,3,石炭,湿式,634,50,,,,,,,,,,,,,,,,,,
fc04_43,42.6130566514027,141.805879236658,北海道電力株式会社,苫東厚真火力発電所,北海道勇払郡厚真町浜厚真,1985-10,2,600,専焼,3,石炭,湿式,0,0,,,,,,,,,,,,,,,,,,
fc04_44,42.6130566514027,141.805879236658,北海道電力株式会社,苫東厚真火力発電所,北海道勇払郡厚真町浜厚真,2002-06,4,700,専焼,3,石炭,湿式,2309,100,,,,,,,,,,,,,,,,,,
fc04_45,43.4239446823598,141.844989495747,北海道電力株式会社,奈井江火力発電所,北海道空知郡奈井江町字キナウスナイ,1968-05,1,175,専焼,3,石炭,,0,0,,,,,,,,,,,,,,,,,,
fc04_46,43.4239446823598,141.844989495747,北海道電力株式会社,奈井江火力発電所,北海道空知郡奈井江町字キナウスナイ,1970-02,2,175,専焼,3,石炭,,0,0,,,,,,,,,,,,,,,,,,
fc04_47,43.4642787046937,141.890517158114,北海道電力株式会社,砂川火力発電所,北海道砂川市豊沼町53,1977-06,3,125,専焼,3,石炭,,0,0,,,,,,,,,,,,,,,,,,
fc04_48,43.4642787046937,141.890517158114,北海道電力株式会社,砂川火力発電所,北海道砂川市豊沼町53,1982-05,4,125,専焼,3,石炭,,0,0,,,,,,,,,,,,,,,,,,
fc04_49,33.2644999803921,131.70741706946,九州電力株式会社,新大分火力発電所,大分県大分市大字青崎4番1,1991-06,1コ,690,専焼,4,LNG,,5400,100,,,,,,,,,,,,,,,,,,
fc04_50,33.2644999803921,131.70741706946,九州電力株式会社,新大分火力発電所,大分県大分市大字青崎4番1,1995-02,2コ,870,専焼,4,LNG,,5670,100,,,,,,,,,,,,,,,,,,
fc04_51,33.2644999803921,131.70741706946,九州電力株式会社,新大分火力発電所,大分県大分市大字青崎4番1,1998-07,3コ,735,専焼,4,LNG,,9440,100,,,,,,,,,,,,,,,,,,
fc04_52,33.907638949436,130.859861134985,九州電力株式会社,新小倉火力発電所,福岡県北九州市小倉北区西港町64番地1,1978-09,3,600,専焼,4,LNG,,1830,100,,,,,,,,,,,,,,,,,,
fc04_53,33.907638949436,130.859861134985,九州電力株式会社,新小倉火力発電所,福岡県北九州市小倉北区西港町64番地1,1979-06,4,600,専焼,4,LNG,,1830,100,,,,,,,,,,,,,,,,,,
fc04_54,33.907638949436,130.859861134985,九州電力株式会社,新小倉火力発電所,福岡県北九州市小倉北区西港町64番地1,1983-07,5,600,専焼,4,LNG,,1740,100,,,,,,,,,,,,,,,,,,
fc04_55,33.9511939888142,132.123750047307,中国電力株式会社,柳井火力発電所,山口県柳井市大字柳井字宮本塩浜1578-8,1992-12,1コ,750,専焼,4,LNG,,5610,100,,,,,,,,,,,,,,,,,,
fc04_56,33.9511939888142,132.123750047307,中国電力株式会社,柳井火力発電所,山口県柳井市大字柳井字宮本塩浜1578-8,1996-01,2コ,792,専焼,4,LNG,,4600,100,,,,,,,,,,,,,,,,,,
fc04_57,34.6177220010091,135.404693982781,関西電力株式会社,南港火力発電所,大阪府大阪市住之江区南港南7-3-8,1990-11,1,600,専焼,4,LNG,,1574,100,,,,,,,,,,,,,,,,,,
fc04_58,34.6177220010091,135.404693982781,関西電力株式会社,南港火力発電所,大阪府大阪市住之江区南港南7-3-8,1991-02,2,600,専焼,4,LNG,,1574,100,,,,,,,,,,,,,,,,,,
fc04_59,34.6177220010091,135.404693982781,関西電力株式会社,南港火力発電所,大阪府大阪市住之江区南港南7-3-8,1991-10,3,600,専焼,4,LNG,,1574,100,,,,,,,,,,,,,,,,,,
fc04_60,34.7764720002015,134.670777994934,関西電力株式会社,姫路第一発電所,兵庫県姫路市飾磨区中島3058-1,1995-04,5,729,専焼,4,LNG,,4050,100,,,,,,,,,,,,,,,,,,
fc04_61,34.7764720002015,134.670777994934,関西電力株式会社,姫路第一発電所,兵庫県姫路市飾磨区中島3058-1,1996-05,6,713,専焼,4,LNG,,4050,100,,,,,,,,,,,,,,,,,,
fc04_62,34.7739440002218,134.693443994649,関西電力株式会社,姫路第二発電所,兵庫県姫路市飾磨区妻鹿常盤町,1963-10,1,250,専焼,4,LNG,,0,0,1979-10,,,,,,,,,,,,,,,,,
fc04_63,34.7739440002218,134.693443994649,関西電力株式会社,姫路第二発電所,兵庫県姫路市飾磨区妻鹿常盤町,1964-10,2,325,専焼,4,LNG,,0,0,1980-03,,,,,,,,,,,,,,,,,
fc04_64,34.7739440002218,134.693443994649,関西電力株式会社,姫路第二発電所,兵庫県姫路市飾磨区妻鹿常盤町,1965-02,3,325,専焼,4,LNG,,0,0,1981-03,,,,,,,,,,,,,,,,,
fc04_65,34.7739440002218,134.693443994649,関西電力株式会社,姫路第二発電所,兵庫県姫路市飾磨区妻鹿常盤町,1968-03,4,450,専焼,4,LNG,,0,0,1979-09,,,,,,,,,,,,,,,,,
fc04_66,34.7739440002218,134.693443994649,関西電力株式会社,姫路第二発電所,兵庫県姫路市飾磨区妻鹿常盤町,1973-10,5,600,専焼,4,LNG,,1648,100,1979-06,,,,,,,,,,,,,,,,,
fc04_67,34.7739440002218,134.693443994649,関西電力株式会社,姫路第二発電所,兵庫県姫路市飾磨区妻鹿常盤町,1973-11,6,600,専焼,4,LNG,,1620,100,1979-08,,,,,,,,,,,,,,,,,
fc04_68,34.9745280050744,136.645860921959,中部電力株式会社,四日市火力発電所,三重県四日市市三郎町1,1963-06,1,220,専焼,4,LNG,,820,100,1988-07,,,,,,,,,,,,,,,,,
fc04_69,34.9745280050744,136.645860921959,中部電力株式会社,四日市火力発電所,三重県四日市市三郎町1,1963-07,2,220,専焼,4,LNG,,804,100,1988-07,,,,,,,,,,,,,,,,,
fc04_70,34.9745280050744,136.645860921959,中部電力株式会社,四日市火力発電所,三重県四日市市三郎町1,1963-09,3,220,専焼,4,LNG,,798,100,1988-07,,,,,,,,,,,,,,,,,
fc04_71,34.9745280050744,136.645860921959,中部電力株式会社,四日市火力発電所,三重県四日市市三郎町1,1988-07,4コ,585,専焼,4,LNG,,4300,100,,,,,,,,,,,,,,,,,,
fc04_72,35.0080280053535,136.690416917843,中部電力株式会社,川越火力発電所,三重県三重郡川越町大字亀崎新田字朝明87-1,1989-06,1,700,専焼,4,LNG,,2040,100,,,,,,,,,,,,,,,,,,
fc04_73,35.0080280053535,136.690416917843,中部電力株式会社,川越火力発電所,三重県三重郡川越町大字亀崎新田字朝明87-1,1990-06,2,700,専焼,4,LNG,,2040,100,,,,,,,,,,,,,,,,,,
fc04_74,35.0080280053535,136.690416917843,中部電力株式会社,川越火力発電所,三重県三重郡川越町大字亀崎新田字朝明87-1,1996-12,3コ,1701,専焼,4,LNG,,9170,100,,,,,,,,,,,,,,,,,,
fc04_75,35.0080280053535,136.690416917843,中部電力株式会社,川越火力発電所,三重県三重郡川越町大字亀崎新田字朝明87-1,1997-11,4コ,1701,専焼,4,LNG,,9170,100,,,,,,,,,,,,,,,,,,
fc04_76,35.0057780064709,136.863082901542,中部電力株式会社,知多第二火力発電所,愛知県知多市北浜町10-1,1983-11,2B,700,専焼,4,LNG,,2030,100,,,,,,,,,,,,,,,,,,
fc04_77,35.0057780064709,136.863082901542,中部電力株式会社,知多第二火力発電所,愛知県知多市北浜町10-1,1996-07,2GT,154,専焼,4,LNG,,450,100,,,,,,,,,,,,,,,,,,
fc04_78,35.0057780064709,136.863082901542,中部電力株式会社,知多第二火力発電所,愛知県知多市北浜町10-1,1983-09,1B,700,専焼,4,LNG,,2030,100,,,,,,,,,,,,,,,,,,
fc04_79,35.0057780064709,136.863082901542,中部電力株式会社,知多第二火力発電所,愛知県知多市北浜町10-1,1994-09,1GT,154,専焼,4,LNG,,450,100,,,,,,,,,,,,,,,,,,
fc04_80,35.0656110066193,136.877916899322,中部電力株式会社,新名古屋火力発電所,愛知県名古屋市港区潮見町34,1998-12,7コ,1458,専焼,4,LNG,,7860,100,,,,,,,,,,,,,,,,,,
fc04_81,35.0656110066193,136.877916899322,中部電力株式会社,新名古屋火力発電所,愛知県名古屋市港区潮見町34,2008-04,8コ,1458,専焼,4,LNG,,0,0,,,,,,,,,,,,,,,,,,
fc04_82,35.4046390916724,139.637415764279,東京電力株式会社,南横浜火力発電所,神奈川県横浜市磯子区新磯子町37-1,1970-05,1,350,専焼,4,LNG,,0,0,,,,,,,,,,,,,,,,,,
fc04_83,35.4046390916724,139.637415764279,東京電力株式会社,南横浜火力発電所,神奈川県横浜市磯子区新磯子町37-1,1970-04,2,350,専焼,4,LNG,,0,0,,,,,,,,,,,,,,,,,,
fc04_84,35.4046390916724,139.637415764279,東京電力株式会社,南横浜火力発電所,神奈川県横浜市磯子区新磯子町37-1,1973-05,3,450,専焼,4,LNG,,1352,100,,,,,,,,,,,,,,,,,,
fc04_85,35.4741670952761,139.677831716703,東京電力株式会社,横浜火力発電所,神奈川県横浜市鶴見区大黒町11-1,1964-03,5,175,専混焼,4,ナフサ,,0,0,1985-09,,,,,,,,,,,,,,,,,
fc04_86,35.4741670952761,139.677831716703,東京電力株式会社,横浜火力発電所,神奈川県横浜市鶴見区大黒町11-1,1968-06,6,350,専混焼,4,ナフサ,,1030,100,1984-05,,,,,,,,,,,,,,,,,
fc04_87,35.4741670952761,139.677831716703,東京電力株式会社,横浜火力発電所,神奈川県横浜市鶴見区大黒町11-1,1998-01,7コ,1400,専焼,4,LNG,,7480,100,,,,,,,,,,,,,,,,,,
fc04_88,35.4741670952761,139.677831716703,東京電力株式会社,横浜火力発電所,神奈川県横浜市鶴見区大黒町11-1,1998-01,8コ,1400,専焼,4,LNG,,7480,100,,,,,,,,,,,,,,,,,,
fc04_89,35.495722100824,139.744720645509,東京電力株式会社,東扇島火力発電所,神奈川県川崎市川崎区東扇島3,1987-09,1,1000,専焼,4,LNG,,2770,100,,,,,,,,,,,,,,,,,,
fc04_90,35.495722100824,139.744720645509,東京電力株式会社,東扇島火力発電所,神奈川県川崎市川崎区東扇島3,1991-03,2,1000,専焼,4,LNG,,2770,100,,,,,,,,,,,,,,,,,,
fc04_91,35.4623061214682,139.976915385292,東京電力株式会社,袖ヶ浦火力発電所,千葉県袖ケ浦市中袖2-1,1974-08,1,600,専焼,4,LNG,,0,0,,,,,,,,,,,,,,,,,,
fc04_92,35.4623061214682,139.976915385292,東京電力株式会社,袖ヶ浦火力発電所,千葉県袖ケ浦市中袖2-1,1975-09,2,1000,専焼,4,LNG,,0,0,,,,,,,,,,,,,,,,,,
fc04_93,35.4623061214682,139.976915385292,東京電力株式会社,袖ヶ浦火力発電所,千葉県袖ケ浦市中袖2-1,1977-02,3,1000,専焼,4,LNG,,2309,100,,,,,,,,,,,,,,,,,,
fc04_94,35.4623061214682,139.976915385292,東京電力株式会社,袖ヶ浦火力発電所,千葉県袖ケ浦市中袖2-1,1979-08,4,1000,専焼,4,LNG,,2939,100,,,,,,,,,,,,,,,,,,
fc04_95,35.485056125623,140.016720332357,東京電力株式会社,姉崎火力発電所,千葉県市原市姉崎海岸3,1967-12,1,600,専混焼,4,原油,,0,0,1976-04,,,,,,,,,,,,,,,,,
fc04_96,35.485056125623,140.016720332357,東京電力株式会社,姉崎火力発電所,千葉県市原市姉崎海岸3,1969-11,2,600,専混焼,4,原油,,0,0,1976-06,,,,,,,,,,,,,,,,,
fc04_97,35.485056125623,140.016720332357,東京電力株式会社,姉崎火力発電所,千葉県市原市姉崎海岸3,1971-06,3,600,専混焼,4,ナフサ,,1770,100,1975-04,,,,,,,,,,,,,,,,,
fc04_98,35.485056125623,140.016720332357,東京電力株式会社,姉崎火力発電所,千葉県市原市姉崎海岸3,1972-09,4,600,専混焼,4,ナフサ,,1770,100,1973-11,,,,,,,,,,,,,,,,,
fc04_99,35.485056125623,140.016720332357,東京電力株式会社,姉崎火力発電所,千葉県市原市姉崎海岸3,1977-04,5,600,専混焼,4,LPG,,0,0,,,,,,,,,,,,,,,,,,
fc04_100,35.485056125623,140.016720332357,東京電力株式会社,姉崎火力発電所,千葉県市原市姉崎海岸3,1979-10,6,600,専混焼,4,LPG,,0,0,,,,,,,,,,,,,,,,,,
fc04_101,35.5474721319448,140.072498250976,東京電力株式会社,五井火力発電所,千葉県市原市五井海岸1,1963-06,1,265,専混焼,4,ナフサ,,0,0,1979-02,,,,,,,,,,,,,,,,,
fc04_102,35.5474721319448,140.072498250976,東京電力株式会社,五井火力発電所,千葉県市原市五井海岸1,1964-08,2,265,専混焼,4,原油,,0,0,1977-09,,,,,,,,,,,,,,,,,
fc04_103,35.5474721319448,140.072498250976,東京電力株式会社,五井火力発電所,千葉県市原市五井海岸1,1965-07,3,265,専混焼,4,ナフサ,,0,0,1978-02,,,,,,,,,,,,,,,,,
fc04_104,35.5474721319448,140.072498250976,東京電力株式会社,五井火力発電所,千葉県市原市五井海岸1,1966-01,4,265,専混焼,4,原油,,0,0,1977-10,,,,,,,,,,,,,,,,,
fc04_105,35.5474721319448,140.072498250976,東京電力株式会社,五井火力発電所,千葉県市原市五井海岸1,1968-01,5,350,専焼,4,LNG,,0,0,1979-05,,,,,,,,,,,,,,,,,
fc04_106,35.5474721319448,140.072498250976,東京電力株式会社,五井火力発電所,千葉県市原市五井海岸1,1968-03,6B,350,専焼,4,LNG,,1000,100,1977-09,,,,,,,,,,,,,,,,,
fc04_107,35.5474721319448,140.072498250976,東京電力株式会社,五井火力発電所,千葉県市原市五井海岸1,1994-07,6GT,126,専焼,4,LNG,,360,100,,,,,,,,,,,,,,,,,,
fc04_108,33.9235829489543,130.850500135899,戸畑共同火力株式会社,戸畑共同火力発電所,福岡県北九州市戸畑区大字中原字先の浜46番93,1971-06,2,156,専混焼,3,BFG,,690,100,2004-02,,,,,,,,,,,,,,,,,
fc04_109,33.9235829489543,130.850500135899,戸畑共同火力株式会社,戸畑共同火力発電所,福岡県北九州市戸畑区大字中原字先の浜46番93,1972-07,3,250,専混焼,4,BFG,,0,0,1978-01,,,,,,,,,,,,,,,,,
fc04_110,33.9235829489543,130.850500135899,戸畑共同火力株式会社,戸畑共同火力発電所,福岡県北九州市戸畑区大字中原字先の浜46番93,1978-03,4,375,専混焼,4,BFG,,1620,100,,,,,,,,,,,,,,,,,,
fc04_111,37.9458610677554,139.081471012579,東北電力株式会社,新潟火力発電所,新潟県新潟市東区桃山町2丁目200,1966-01,3,250,専混焼,4,重油,,0,0,,,,,,,,,,,,,,,,,,
fc04_112,37.9458610677554,139.081471012579,東北電力株式会社,新潟火力発電所,新潟県新潟市東区桃山町2丁目200,1969-08,4,250,専混焼,4,重油,,0,0,1984-04,,,,,,,,,,,,,,,,,
fc04_113,26.2708599529078,127.718362341424,沖縄電力株式会社,牧港火力発電所,沖縄県浦添市牧港5-2-1,1970-04,5,85,専焼,8,重油,,0,0,,,,,,,,,,,,,,,,,,
fc04_114,26.2708599529078,127.718362341424,沖縄電力株式会社,牧港火力発電所,沖縄県浦添市牧港5-2-1,1970-08,6,85,専焼,8,重油,,0,0,,,,,,,,,,,,,,,,,,
fc04_115,26.2708599529078,127.718362341424,沖縄電力株式会社,牧港火力発電所,沖縄県浦添市牧港5-2-1,1973-07,7,85,専焼,8,重油,,0,0,,,,,,,,,,,,,,,,,,
fc04_116,26.2708599529078,127.718362341424,沖縄電力株式会社,牧港火力発電所,沖縄県浦添市牧港5-2-1,1974-11,8,85,専焼,8,重油,,0,0,,,,,,,,,,,,,,,,,,
fc04_117,26.2708599529078,127.718362341424,沖縄電力株式会社,牧港火力発電所,沖縄県浦添市牧港5-2-1,1981-05,9,125,専焼,8,重油,,0,0,,,,,,,,,,,,,,,,,,
fc04_118,26.4293600468852,127.840473237569,沖縄電力株式会社,石川火力発電所,沖縄県うるま市石川赤碕3-1-1,1974-06,1,125,専焼,8,重油,,0,0,,,,,,,,,,,,,,,,,,
fc04_119,26.4293600468852,127.840473237569,沖縄電力株式会社,石川火力発電所,沖縄県うるま市石川赤碕3-1-1,1978-06,2,125,専焼,8,重油,,0,0,,,,,,,,,,,,,,,,,,
fc04_120,33.196110823905,129.649361307335,九州電力株式会社,相浦火力発電所,長崎県佐世保市光町183番地1,1973-04,1,375,専焼,8,原油,,0,0,,,,,,,,,,,,,,,,,,
fc04_121,33.196110823905,129.649361307335,九州電力株式会社,相浦火力発電所,長崎県佐世保市光町183番地1,1976-10,2,500,専焼,8,原油,湿式,0,0,,,,,,,,,,,,,,,,,,
fc04_122,33.2682499788797,131.646194073183,大分共同火力株式会社,大分火力発電所,大分県大分市大字西ノ洲1番地,1972-04,1,253,混焼,8,重油,,0,0,,,,,,,,,,,,,,,,,,
fc04_123,33.2682499788797,131.646194073183,大分共同火力株式会社,大分火力発電所,大分県大分市大字西ノ洲1番地,1973-04,2,253,混焼,8,重油,,0,0,,,,,,,,,,,,,,,,,,
fc04_124,33.2624999799926,131.690972070449,九州電力株式会社,大分火力発電所,大分県大分市大字一の洲1番地2,1969-07,1,250,専焼,8,重油,,0,0,,,,,,,,,,,,,,,,,,
fc04_125,33.2624999799926,131.690972070449,九州電力株式会社,大分火力発電所,大分県大分市大字一の洲1番地2,1970-06,2,250,専焼,8,重油,,0,0,,,,,,,,,,,,,,,,,,
fc04_126,33.4654168702965,129.960056251836,九州電力株式会社,唐津火力発電所,佐賀県唐津市二夕子3丁目213番地,1971-07,2,375,専焼,8,原油,,0,0,,,,,,,,,,,,,,,,,,
fc04_127,33.4654168702965,129.960056251836,九州電力株式会社,唐津火力発電所,佐賀県唐津市二夕子3丁目213番地,1973-06,3,500,専焼,8,原油,,0,0,,,,,,,,,,,,,,,,,,
fc04_128,33.7869439562887,130.997361121986,九州電力株式会社,苅田火力発電所,福岡県京都郡苅田町長浜町1番地1,1972-04,新2,375,専焼,8,原油,,0,0,,,,,,,,,,,,,,,,,,
fc04_129,33.6258609616033,131.119917111333,九州電力株式会社,豊前火力発電所,福岡県豊前市大字八屋2463番地9,1977-12,1,500,専焼,8,原油,湿式,0,0,,,,,,,,,,,,,,,,,,
fc04_130,33.6258609616033,131.119917111333,九州電力株式会社,豊前火力発電所,福岡県豊前市大字八屋2463番地9,1980-06,2,500,専焼,8,原油,湿式,0,0,,,,,,,,,,,,,,,,,,
fc04_131,34.0020559568585,131.000500121427,中国電力株式会社,下関火力発電所,山口県下関市長府港町9-1,1977-09,2,400,専混焼,8,原油,湿式,0,0,,,,,,,,,,,,,,,,,,
fc04_132,33.9351939972732,133.115194016313,住友共同電力株式会社,壬生川火力発電所,愛媛県西条市北条962番地10,1975-03,1,250,混焼,3,重油,湿式,835,100,2003-04,,,,,,,,,,,,,,,,,
fc04_133,33.879083000099,134.653416996163,四国電力株式会社,阿南火力発電所,徳島県阿南市橘町幸野106,1963-07,1,125,専焼,8,重油,,0,0,,,,,,,,,,,,,,,,,,
fc04_134,33.879083000099,134.653416996163,四国電力株式会社,阿南火力発電所,徳島県阿南市橘町幸野106,1969-01,2,220,専混焼,8,原油,,0,0,,,,,,,,,,,,,,,,,,
fc04_135,33.879083000099,134.653416996163,四国電力株式会社,阿南火力発電所,徳島県阿南市橘町幸野106,1975-08,3,450,専混焼,8,原油,湿式,0,0,,,,,,,,,,,,,,,,,,
fc04_136,33.879083000099,134.653416996163,四国電力株式会社,阿南火力発電所,徳島県阿南市橘町幸野106,1976-12,4,450,専混焼,8,原油,,0,0,,,,,,,,,,,,,,,,,,
fc04_137,33.8601670005605,135.152721989438,関西電力株式会社,御坊火力発電所,和歌山県御坊市塩屋町南塩屋字富島1-3,1984-09,1,600,専混焼,8,原油,,1600,100,,,,,,,,,,,,,,,,,,
fc04_138,33.8601670005605,135.152721989438,関西電力株式会社,御坊火力発電所,和歌山県御坊市塩屋町南塩屋字富島1-3,1984-11,2,600,専混焼,8,原油,,1600,100,,,,,,,,,,,,,,,,,,
fc04_139,33.8601670005605,135.152721989438,関西電力株式会社,御坊火力発電所,和歌山県御坊市塩屋町南塩屋字富島1-3,1985-03,3,600,専混焼,8,原油,湿式,1600,100,,,,,,,,,,,,,,,,,,
fc04_140,34.011777984201,131.851833060577,中国電力株式会社,下松火力発電所,山口県下松市大字平田字東潮上484,1973-07,2,375,専混焼,8,原油,,1068,100,,,,,,,,,,,,,,,,,,
fc04_141,34.011777984201,131.851833060577,中国電力株式会社,下松火力発電所,山口県下松市大字平田字東潮上484,1979-09,3,700,専混焼,8,原油,,1988,100,,,,,,,,,,,,,,,,,,
fc04_142,34.1174999900014,132.202083043831,中国電力株式会社,岩国火力発電所,山口県岩国市藤生町1-1-1,1972-04,2,350,専混焼,8,原油,,1003,100,,,,,,,,,,,,,,,,,,
fc04_143,34.1174999900014,132.202083043831,中国電力株式会社,岩国火力発電所,山口県岩国市藤生町1-1-1,1981-09,3,500,専混焼,8,原油,,1515,100,,,,,,,,,,,,,,,,,,
fc04_144,34.5160829990198,133.687167006642,中国電力株式会社,玉島火力発電所,岡山県倉敷市玉島乙島字新湊8253-2,1971-03,1,350,専混焼,8,原油,,982,100,,,,,,,,,,,,,,,,,,
fc04_145,34.5160829990198,133.687167006642,中国電力株式会社,玉島火力発電所,岡山県倉敷市玉島乙島字新湊8253-2,1972-04,2,350,専混焼,8,原油,湿式,0,0,,,,,,,,,,,,,,,,,,
fc04_146,34.5160829990198,133.687167006642,中国電力株式会社,玉島火力発電所,岡山県倉敷市玉島乙島字新湊8253-2,1974-06,3,500,専混焼,8,原油,湿式,0,0,,,,,,,,,,,,,,,,,,
fc04_147,34.1525830006443,135.188221988257,関西電力株式会社,海南火力発電所,和歌山県海南市船尾字中浜260-96,1970-05,1,450,専混焼,8,原油,,300,25,,,,,,,,,,,,,,,,,,
fc04_148,34.1525830006443,135.188221988257,関西電力株式会社,海南火力発電所,和歌山県海南市船尾字中浜260-96,1970-09,2,450,専混焼,8,原油,,0,0,,,,,,,,,,,,,,,,,,
fc04_149,34.1525830006443,135.188221988257,関西電力株式会社,海南火力発電所,和歌山県海南市船尾字中浜260-96,1974-04,3,600,専混焼,8,原油,,1640,100,,,,,,,,,,,,,,,,,,
fc04_150,34.1525830006443,135.188221988257,関西電力株式会社,海南火力発電所,和歌山県海南市船尾字中浜260-96,1973-06,4,600,専混焼,8,原油,湿式,1645,100,,,,,,,,,,,,,,,,,,
fc04_151,34.3217500006008,135.128471988962,関西電力株式会社,多奈川第二火力発電所,大阪府泉南郡岬町多奈川谷川1905-12,1977-07,1,600,専混焼,8,原油,,0,0,,,,,,,,,,,,,,,,,,
fc04_152,34.3217500006008,135.128471988962,関西電力株式会社,多奈川第二火力発電所,大阪府泉南郡岬町多奈川谷川1905-12,1977-08,2,600,専混焼,8,原油,,1520,100,,,,,,,,,,,,,,,,,,
fc04_153,34.0673060026961,136.207221957199,中部電力株式会社,尾鷲三田火力発電所,三重県尾鷲市国市松泉町1,1964-07,1,375,専焼,8,重油,,1340,100,,,,,,,,,,,,,,,,,,
fc04_154,34.0673060026961,136.207221957199,中部電力株式会社,尾鷲三田火力発電所,三重県尾鷲市国市松泉町1,1987-06,3,500,専混焼,8,原油,,1470,100,,,,,,,,,,,,,,,,,,
fc04_155,34.6538060077483,137.066943883393,中部電力株式会社,渥美火力発電所,愛知県田原市小中山町久エ森1-2,1971-06,1,500,専焼,8,原油,,0,0,,,,,,,,,,,,,,,,,,
fc04_156,34.6538060077483,137.066943883393,中部電力株式会社,渥美火力発電所,愛知県田原市小中山町久エ森1-2,1981-05,3,700,専焼,8,原油,,1960,100,,,,,,,,,,,,,,,,,,
fc04_157,34.6538060077483,137.066943883393,中部電力株式会社,渥美火力発電所,愛知県田原市小中山町久エ森1-2,1981-06,4,700,専焼,8,原油,,1960,100,,,,,,,,,,,,,,,,,,
fc04_158,34.7412779999343,134.379110998417,関西電力株式会社,赤穂火力発電所,兵庫県赤穂市加里屋字東沖手1602,1987-09,1,600,専焼,8,原油,湿式,1600,100,,,,,,,,,,,,,,,,,,
fc04_159,34.7412779999343,134.379110998417,関西電力株式会社,赤穂火力発電所,兵庫県赤穂市加里屋字東沖手1602,1987-12,2,600,専焼,8,原油,湿式,1600,100,,,,,,,,,,,,,,,,,,
fc04_160,34.7743330000095,134.457610997495,関西電力株式会社,相生火力発電所,兵庫県相生市相生字柳山5315-46,1982-09,1,375,専混焼,8,原油,,1060,100,,,,,,,,,,,,,,,,,,
fc04_161,34.7743330000095,134.457610997495,関西電力株式会社,相生火力発電所,兵庫県相生市相生字柳山5315-46,1982-11,2,375,専混焼,8,原油,,1060,100,,,,,,,,,,,,,,,,,,
fc04_162,34.7743330000095,134.457610997495,関西電力株式会社,相生火力発電所,兵庫県相生市相生字柳山5315-46,1983-01,3,375,専混焼,8,原油,,1060,100,,,,,,,,,,,,,,,,,,
fc04_163,34.7548890002847,134.764027993749,関西電力株式会社,高砂発電所,兵庫県高砂市梅井6丁目5-1,1971-09,1,450,専混焼,8,原油,,0,0,,,,,,,,,,,,,,,,,,
fc04_164,34.7548890002847,134.764027993749,関西電力株式会社,高砂発電所,兵庫県高砂市梅井6丁目5-1,1971-10,2,450,専混焼,8,原油,,0,0,,,,,,,,,,,,,,,,,,
fc04_165,34.8242780067742,136.923999897306,中部電力株式会社,武豊火力発電所,愛知県知多郡武豊町字竜宮1-1,1972-06,2,375,混焼,8,原油,,1130,100,,,,,,,,,,,,,,,,,,
fc04_166,34.8242780067742,136.923999897306,中部電力株式会社,武豊火力発電所,愛知県知多郡武豊町字竜宮1-1,1972-09,3,375,混焼,8,原油,,1110,100,,,,,,,,,,,,,,,,,,
fc04_167,34.8242780067742,136.923999897306,中部電力株式会社,武豊火力発電所,愛知県知多郡武豊町字竜宮1-1,1972-11,4,375,混焼,8,原油,,1110,100,,,,,,,,,,,,,,,,,,
fc04_168,35.0319170062601,136.830027904582,中部電力株式会社,西名古屋火力発電所,愛知県海部郡飛島村東浜3-5,1970-07,1,220,専焼,8,重油,,0,0,,,,,,,,,,,,,,,,,,
fc04_169,35.0319170062601,136.830027904582,中部電力株式会社,西名古屋火力発電所,愛知県海部郡飛島村東浜3-5,1970-12,2,220,専焼,8,原油,,0,0,,,,,,,,,,,,,,,,,,
fc04_170,35.0319170062601,136.830027904582,中部電力株式会社,西名古屋火力発電所,愛知県海部郡飛島村東浜3-5,1972-07,3,375,混焼,8,原油,,1070,100,,,,,,,,,,,,,,,,,,
fc04_171,35.0319170062601,136.830027904582,中部電力株式会社,西名古屋火力発電所,愛知県海部郡飛島村東浜3-5,1972-09,4,375,混焼,8,原油,,1070,100,,,,,,,,,,,,,,,,,,
fc04_172,35.5503890008803,135.211666984776,関西電力株式会社,宮津エネルギー研究所,京都府宮津市小田宿野1001,1989-08,1,375,専焼,8,原油,湿式,1020,100,,,,,,,,,,,,,,,,,,
fc04_173,35.5503890008803,135.211666984776,関西電力株式会社,宮津エネルギー研究所,京都府宮津市小田宿野1001,1989-12,2,375,専焼,8,原油,湿式,1020,100,,,,,,,,,,,,,,,,,,
fc04_174,35.6207501025837,139.754776619871,東京電力株式会社,品川火力発電所,東京都品川区東品川5-6-22,2003-08,1コ,1140,専焼,5,都市ガス,,5610,100,,,,,,,,,,,,,,,,,,
fc04_175,35.6151111026799,139.756415618796,東京電力株式会社,大井火力発電所,東京都品川区八潮1-2-2,1971-08,1,350,専焼,8,原油,,1020,100,,,,,,,,,,,,,,,,,,
fc04_176,35.6151111026799,139.756415618796,東京電力株式会社,大井火力発電所,東京都品川区八潮1-2-2,1972-02,2,350,専焼,8,原油,,1020,100,,,,,,,,,,,,,,,,,,
fc04_177,35.6151111026799,139.756415618796,東京電力株式会社,大井火力発電所,東京都品川区八潮1-2-2,1973-12,3,350,専焼,8,原油,,1020,100,,,,,,,,,,,,,,,,,,
fc04_178,35.9170002208115,140.701886131615,東京電力株式会社,鹿島火力発電所,茨城県神栖市東和田9,1971-03,1,600,専混焼,8,原油,,0,0,,,,,,,,,,,,,,,,,,
fc04_179,35.9170002208115,140.701886131615,東京電力株式会社,鹿島火力発電所,茨城県神栖市東和田9,1971-09,2,600,専混焼,8,原油,,0,0,,,,,,,,,,,,,,,,,,
fc04_180,35.9170002208115,140.701886131615,東京電力株式会社,鹿島火力発電所,茨城県神栖市東和田9,1972-02,3,600,専混焼,8,原油,,0,0,,,,,,,,,,,,,,,,,,
fc04_181,35.9170002208115,140.701886131615,東京電力株式会社,鹿島火力発電所,茨城県神栖市東和田9,1972-04,4,600,専混焼,8,原油,,0,0,,,,,,,,,,,,,,,,,,
fc04_182,35.9170002208115,140.701886131615,東京電力株式会社,鹿島火力発電所,茨城県神栖市東和田9,1974-09,5,1000,専混焼,8,原油,,0,0,,,,,,,,,,,,,,,,,,
fc04_183,35.9170002208115,140.701886131615,東京電力株式会社,鹿島火力発電所,茨城県神栖市東和田9,1975-06,6,1000,専混焼,8,原油,,0,0,,,,,,,,,,,,,,,,,,
fc04_184,35.940917218972,140.688830152813,鹿島共同火力株式会社,鹿島共同発電所,茨城県鹿嶋市新浜5番地,1973-07,1,350,混焼,8,重油,,0,0,,,,,,,,,,,,,,,,,,
fc04_185,35.940917218972,140.688830152813,鹿島共同火力株式会社,鹿島共同発電所,茨城県鹿嶋市新浜5番地,1973-12,2,350,混焼,8,重油,,0,0,,,,,,,,,,,,,,,,,,
fc04_186,35.940917218972,140.688830152813,鹿島共同火力株式会社,鹿島共同発電所,茨城県鹿嶋市新浜5番地,1982-02,3,350,混焼,8,重油,,0,0,,,,,,,,,,,,,,,,,,
fc04_187,35.940917218972,140.688830152813,鹿島共同火力株式会社,鹿島共同発電所,茨城県鹿嶋市新浜5番地,1982-03,4,350,混焼,8,重油,,0,0,,,,,,,,,,,,,,,,,,
fc04_188,36.2111110032322,136.134499948268,北陸電力株式会社,福井火力発電所,福井県坂井市三国町新保,1978-09,三国1,250,専焼,8,重油,湿式,0,0,,,,,,,,,,,,,,,,,,
fc04_189,36.7651940101082,137.128332844101,北陸電力株式会社,富山新港火力発電所,富山県射水市堀江千石,1972-06,石炭2,250,専焼,3,重油,湿式,895,100,1984-12,,,,,,,,,,,,,,,,,
fc04_190,36.7651940101082,137.128332844101,北陸電力株式会社,富山新港火力発電所,富山県射水市堀江千石,1974-10,1,500,専焼,8,原油,,0,0,,,,,,,,,,,,,,,,,,
fc04_191,36.7577780110305,137.214110830544,北陸電力株式会社,富山火力発電所,富山県富山市草島,1971-01,4,250,専焼,8,重油,湿式,0,0,,,,,,,,,,,,,,,,,,
fc04_192,36.9128062554514,140.81516363094,常磐共同火力株式会社,勿来火力発電所,福島県いわき市佐糠町大島20,1983-12,9,600,混焼,3,重油,湿式,1990,100,,,,,,,,,,,,,,,,,,
fc04_193,39.7836941630927,140.048441596401,東北電力株式会社,秋田火力発電所,秋田県秋田市飯島,1972-02,2,350,専混焼,8,原油,,0,0,,,,,,,,,,,,,,,,,,
fc04_194,39.7836941630927,140.048441596401,東北電力株式会社,秋田火力発電所,秋田県秋田市飯島,1974-11,3,350,専混焼,8,原油,,0,0,,,,,,,,,,,,,,,,,,
fc04_195,39.7836941630927,140.048441596401,東北電力株式会社,秋田火力発電所,秋田県秋田市飯島,1980-07,4,600,専混焼,8,原油,,0,0,,,,,,,,,,,,,,,,,,
fc04_196,40.5338064998232,141.506159978796,東北電力株式会社,八戸火力発電所,青森県八戸市大字河原木字宇兵衛河原1番1号,1968-08,3,250,専混焼,8,原油,,0,0,,,,,,,,,,,,,,,,,,
fc04_197,42.4832503229291,140.828105966063,北海道電力株式会社,伊達火力発電所,北海道伊達市長和町163-3,1978-11,1,350,専焼,8,重油,,0,0,,,,,,,,,,,,,,,,,,
fc04_198,42.4832503229291,140.828105966063,北海道電力株式会社,伊達火力発電所,北海道伊達市長和町163-3,1980-03,2,350,専焼,8,重油,,0,0,,,,,,,,,,,,,,,,,,
fc04_199,42.63897258939,141.660769102303,北海道電力株式会社,苫小牧火力発電所,北海道苫小牧市真砂町,1973-11,1,250,専焼,8,原油,,0,0,,,,,,,,,,,,,,,,,,
fc04_200,27.0390509033119,128.423380214478,九州電力株式会社,新与論GT発電所,鹿児島県大島郡与論町立長296－2,1976-06,1,1.1,専焼,8,重油,,0,0,,,,,,,,,,,,,,,,,,
fc04_201,27.3314104499706,128.566017700398,九州電力株式会社,新知名GT発電所,鹿児島県大島郡知名町知名1873,1976-06,1,1.1,専焼,8,重油,,0,0,,,,,,,,,,,,,,,,,,
fc04_202,27.8154124187531,128.892414757703,九州電力株式会社,新徳之島排熱汽力発電所,鹿児島県大島郡天城町天城391－1,1980-12,1,0.35,専焼,8,重油,,0,0,,,,,,,,,,,,,,,,,,
fc04_203,28.3388840946493,130.013175003204,九州電力株式会社,新喜界GT発電所,鹿児島県大島郡喜界町塩道19－1,1977-09,1,1.1,専焼,8,重油,,0,0,,,,,,,,,,,,,,,,,,
fc04_204,28.4200678068354,129.590645424225,九州電力株式会社,竜郷排熱汽力発電所,鹿児島県大島郡龍郷町瀬留字玉里733番地1,1980-10,1,0.8,専焼,8,重油,,0,0,,,,,,,,,,,,,,,,,,
fc04_205,28.4200678068354,129.590645424225,九州電力株式会社,竜郷排熱汽力発電所,鹿児島県大島郡龍郷町瀬留字玉里733番地1,1982-06,2,0.8,専焼,8,重油,,0,0,,,,,,,,,,,,,,,,,,
fc04_206,31.8577458058781,130.199792501837,九州電力株式会社,川内火力発電所,鹿児島県薩摩川内市港町字唐山6110番地1,1974-07,1,500,専焼,8,原油,,0,0,,,,,,,,,,,,,,,,,,
fc04_207,33.2708317122999,131.688460826437,九州石油株式会社,大分第二火力発電所,大分県大分市大字一の洲1番地1,1999-04,1,137,専焼,8,残渣油,,0,0,,,,,,,,,,,,,,,,,,
fc04_208,33.2552794140831,131.65266193555,新日本製鐵株式会社,大分火力発電所,大分県大分市大字西ノ洲1番地,2002-04,9,300,専混焼,3,COG,,0,0,,,,,,,,,,,,,,,,,,
fc04_209,33.9126496531587,130.826920820005,新日本製鐵株式会社,戸畑火力発電所,福岡県北九州市戸畑区飛幡町1-1,1999-04,3,137,専混焼,3,COG,,0,0,,,,,,,,,,,,,,,,,,
fc04_210,34.2816868741058,129.336444527082,九州電力株式会社,豊玉排熱汽力発電所,長崎県対馬市美津島町,1982-06,1,0.8,専焼,8,重油,,0,0,,,,,,,,,,,,,,,,,,
fc04_211,31.8577458058781,130.199792501837,九州電力株式会社,川内火力発電所,鹿児島県薩摩川内市港町字唐山6110番地1,1985-09,2,500,専焼,8,原油,,0,0,,,,,,,,,,,,,,,,,,
fc04_212,33.9663144508138,131.253783932365,宇部興産株式会社,宇部興産発電所,山口県宇部市大字小串1978-10,2004-03,1,195,専焼,3,石炭,,0,0,,,,,,,,,,,,,,,,,,
fc04_213,34.2314275535239,132.220595294162,三菱レイヨン株式会社,三菱レイヨン大竹発電所,広島県大竹市御幸町20-1,2004-03,1,40,専焼,3,石炭,,0,0,,,,,,,,,,,,,,,,,,
fc04_214,34.2042132519326,132.238418773945,新日本石油精製株式会社,麻里布火力発電所,山口県玖珂郡和木町和木六丁目1番1号,2004-04,1,132.3,混焼,8,都市ガス,,0,0,,,,,,,,,,,,,,,,,,
fc04_215,34.261415002774,132.87145811465,中国電力株式会社,大崎火力発電所,広島県豊田郡大崎上島町中野6208-1,2000-11,1,259,専焼,3,石炭,,0,0,,,,,,,,,,,,,,,,,,
fc04_216,34.261415002774,132.87145811465,中国電力株式会社,大崎火力発電所,広島県豊田郡大崎上島町中野6208-1,2018,1コ,500,専焼,3,石炭,,0,0,,,,,,,,,,,,,,,,,,
fc04_217,34.7788047916384,131.919253329046,中国電力株式会社,三隅火力発電所,島根県浜田市三隅町岡見1810,2017,2,400,専焼,3,石炭,,0,0,,,,,,,,,,,,,,,,,,
fc04_218,34.7788047916384,131.919253329046,中国電力株式会社,三隅火力発電所,島根県浜田市三隅町岡見1810,1998-06,1,1000,専焼,3,石炭,湿式,3470,100,,,,,,,,,,,,,,,,,,
fc04_219,34.4675160470133,133.432314835983,瀬戸内共同火力株式会社,福山共同発電所,広島県福山市鋼管町1番地,1967-09,2,75,混焼,8,重油,,0,0,,,,,,,,,,,,,,,,,,
fc04_220,34.4675160470133,133.432314835983,瀬戸内共同火力株式会社,福山共同発電所,広島県福山市鋼管町1番地,1968-12,3,156,混焼,8,重油,,0,0,,,,,,,,,,,,,,,,,,
fc04_221,34.4675160470133,133.432314835983,瀬戸内共同火力株式会社,福山共同発電所,広島県福山市鋼管町1番地,1970-02,4,156,混焼,8,重油,,0,0,,,,,,,,,,,,,,,,,,
fc04_222,34.4675160470133,133.432314835983,瀬戸内共同火力株式会社,福山共同発電所,広島県福山市鋼管町1番地,1972-09,6,156,混焼,8,重油,,0,0,,,,,,,,,,,,,,,,,,
fc04_223,34.4675160470133,133.432314835983,瀬戸内共同火力株式会社,福山共同発電所,広島県福山市鋼管町1番地,1971-04,5,156,混焼,8,重油,,0,0,,,,,,,,,,,,,,,,,,
fc04_224,34.4675160470133,133.432314835983,瀬戸内共同火力株式会社,福山共同発電所,広島県福山市鋼管町1番地,1995-07,新1,145,専焼,8,COG,,0,0,,,,,,,,,,,,,,,,,,
fc04_225,33.8630179393211,133.766139882273,電源開発株式会社,橘湾火力発電所,徳島県阿南市橘町小勝3番地,2000-07,1,1050,専焼,3,石炭,湿式,3470,100,,,,,,,,,,,,,,,,,,
fc04_226,33.8630179393211,133.766139882273,電源開発株式会社,橘湾火力発電所,徳島県阿南市橘町小勝3番地,2000-12,2,1050,専焼,3,石炭,湿式,3470,100,,,,,,,,,,,,,,,,,,
fc04_227,33.8705693808462,133.770236565799,四国電力株式会社,橘湾発電所,徳島県阿南市橘町小勝1,2000-06,1,700,専焼,3,石炭,湿式,2422,100,,,,,,,,,,,,,,,,,,
fc04_228,33.4048870690861,133.297430940664,住友大阪セメント株式会社,高知工場第一発電所,高知県須崎市押岡123,2005-04,1,65,専焼,3,石炭,,0,0,,,,,,,,,,,,,,,,,,
fc04_229,33.5348072926429,133.558101460265,土佐発電株式会社,土佐発電所,高知県高知市孕東町,2005-04,1,150,専焼,3,石炭,,0,0,,,,,,,,,,,,,,,,,,
fc04_230,34.3423252982753,133.84443836001,四国電力株式会社,坂出火力発電所,香川県坂出市番の州町2,2010-11,1,280,専焼,4,LNG,,0,0,,,,,,,,,,,,,,,,,,
fc04_231,34.3423252982753,133.84443836001,四国電力株式会社,坂出火力発電所,香川県坂出市番の州町2,1971-07,1,195,混焼,8,重油,,0,0,,,,,,,,,,,,,,,,,,
fc04_232,34.3423252982753,133.84443836001,四国電力株式会社,坂出火力発電所,香川県坂出市番の州町2,1972-05,2,350,混焼,8,重油,,0,0,,,,,,,,,,,,,,,,,,
fc04_233,34.3423252982753,133.84443836001,四国電力株式会社,坂出火力発電所,香川県坂出市番の州町2,1973-04,3,450,混焼,8,原油,湿式,0,0,,,,,,,,,,,,,,,,,,
fc04_234,34.3423252982753,133.84443836001,四国電力株式会社,坂出火力発電所,香川県坂出市番の州町2,1974-05,4,350,混焼,8,原油,,0,0,,,,,,,,,,,,,,,,,,
fc04_235,34.5193702100294,133.720291450924,瀬戸内共同火力株式会社,倉敷共同発電所,岡山県倉敷市水島川崎通1-12,1994-06,新1,145,専焼,8,COG,,0,0,,,,,,,,,,,,,,,,,,
fc04_236,34.5078549169511,133.746097817193,中国電力株式会社,水島火力発電所,岡山県倉敷市潮通1-1,2009-04,1,285,専焼,4,LNG,,0,0,,,,,,,,,,,,,,,,,,
fc04_237,34.7146813629598,134.81970564233,株式会社神戸製鋼所,神鋼加古川火力発電所,兵庫県加古川市金沢町1,1999-04,1,54.5,専焼,8,LDG,,0,0,,,,,,,,,,,,,,,,,,
fc04_238,34.7040205425327,135.23983297509,神鋼神戸発電株式会社,神鋼神戸発電所,兵庫県神戸市灘区灘浜東町2,2002-04,1,665,専焼,3,石炭,,0,0,,,,,,,,,,,,,,,,,,
fc04_239,34.7040205425327,135.23983297509,神鋼神戸発電株式会社,神鋼神戸発電所,兵庫県神戸市灘区灘浜東町2,2004-04,2,665,専焼,3,石炭,,0,0,,,,,,,,,,,,,,,,,,
fc04_240,34.5193702100294,133.720291450924,瀬戸内共同火力株式会社,倉敷共同発電所,岡山県倉敷市水島川崎通1-12,1970-04,3,156,混焼,8,重油,,0,0,,,,,,,,,,,,,,,,,,
fc04_241,34.5193702100294,133.720291450924,瀬戸内共同火力株式会社,倉敷共同発電所,岡山県倉敷市水島川崎通1-12,1971-07,4,156,混焼,8,重油,,0,0,,,,,,,,,,,,,,,,,,
fc04_242,34.5193702100294,133.720291450924,瀬戸内共同火力株式会社,倉敷共同発電所,岡山県倉敷市水島川崎通1-12,1975-10,5,156,混焼,8,重油,,0,0,,,,,,,,,,,,,,,,,,
fc04_243,34.5078549169511,133.746097817193,中国電力株式会社,水島火力発電所,岡山県倉敷市潮通1-1,1961-11,1,125,混焼,3,重油,湿式,524,100,1984-07,,,,,,,,,,,,,,,,,
fc04_244,34.5078549169511,133.746097817193,中国電力株式会社,水島火力発電所,岡山県倉敷市潮通1-1,1963-08,2,156,混焼,3,LNG,湿式,600,100,2006-01,,,,,,,,,,,,,,,,,
fc04_245,34.5078549169511,133.746097817193,中国電力株式会社,水島火力発電所,岡山県倉敷市潮通1-1,1973-02,3,350,専混焼,8,原油,,982,100,,,,,,,,,,,,,,,,,,
fc04_246,34.2399873539776,135.139703518088,和歌山共同火力株式会社,和歌山火力発電所,和歌山県和歌山市湊1850,1963-04,1,75,混焼,8,重油,,0,0,,,,,,,,,,,,,,,,,,
fc04_247,34.2399873539776,135.139703518088,和歌山共同火力株式会社,和歌山火力発電所,和歌山県和歌山市湊1850,1965-05,2,75,混焼,8,重油,,0,0,,,,,,,,,,,,,,,,,,
fc04_248,34.2399873539776,135.139703518088,和歌山共同火力株式会社,和歌山火力発電所,和歌山県和歌山市湊1850,1970-07,3,156,混焼,8,重油,,0,0,,,,,,,,,,,,,,,,,,
fc04_249,34.2275493322208,135.143119558484,関西電力株式会社,和歌山火力発電所,和歌山県和歌山市湊字浜ノ坪2675番地の32,2016,1コ,1644,専焼,4,LNG,,0,0,,,,,,,,,,,,,,,,,,
fc04_250,34.2275493322208,135.143119558484,関西電力株式会社,和歌山火力発電所,和歌山県和歌山市湊字浜ノ坪2675番地の32,2016,2コ,2056,専焼,4,LNG,,0,0,,,,,,,,,,,,,,,,,,
fc04_251,34.4772896521349,135.286469663916,関西電力株式会社,関西国際空港エネルギーセンター,大阪府泉南郡田尻町泉州空港中1番地,1993-11,1GT,20,混焼,5,灯油,,194,100,,,,,,,,,,,,,,,,,,
fc04_252,34.4772896521349,135.286469663916,関西電力株式会社,関西国際空港エネルギーセンター,大阪府泉南郡田尻町泉州空港中1番地,1993-11,2GT,20,混焼,5,灯油,,194,100,,,,,,,,,,,,,,,,,,
fc04_253,34.5680607131603,135.440631935289,関西電力株式会社,堺港火力発電所,大阪府堺市西区築港新町1-2,2009-07,2,400,専焼,4,LNG,,0,0,,,,,,,,,,,,,,,,,,
fc04_254,34.5680607131603,135.440631935289,関西電力株式会社,堺港火力発電所,大阪府堺市西区築港新町1-2,2009-10,3,400,専焼,4,LNG,,0,0,,,,,,,,,,,,,,,,,,
fc04_255,34.5680607131603,135.440631935289,関西電力株式会社,堺港火力発電所,大阪府堺市西区築港新町1-2,2009-04,1,400,専焼,4,LNG,,0,0,,,,,,,,,,,,,,,,,,
fc04_256,34.5680607131603,135.440631935289,関西電力株式会社,堺港火力発電所,大阪府堺市西区築港新町1-2,2010-07,4,400,専焼,4,LNG,,0,0,,,,,,,,,,,,,,,,,,
fc04_257,34.5680607131603,135.440631935289,関西電力株式会社,堺港火力発電所,大阪府堺市西区築港新町1-2,2010-10,5,400,専焼,4,LNG,,0,0,,,,,,,,,,,,,,,,,,
fc04_258,34.6291298029773,135.462678723311,中山共同発電株式会社,船町火力発電所,大阪府大阪市大正区船町,1999-04,1,144,専焼,4,LNG,,0,0,,,,,,,,,,,,,,,,,,
fc04_259,34.683306617612,135.435938374829,株式会社ガスアンドパワー,酉島エネルギーセンター,大阪府大阪市此花区酉島,2002-04,1,146.2,専焼,4,LNG,,0,0,,,,,,,,,,,,,,,,,,
fc04_260,34.9608522572631,136.645901130497,コスモ石油株式会社,四日市霞火力発電所,三重県四日市市大協町1-1,2003-07,1,223,専焼,8,残渣油,,0,0,,,,,,,,,,,,,,,,,,
fc04_261,35.5251004126458,135.34113395664,関西電力株式会社,舞鶴火力発電所,京都府舞鶴市字千歳560番地5,2010-08,2,900,専焼,3,石炭,,0,0,,,,,,,,,,,,,,,,,,
fc04_262,35.6725520295798,136.077880288873,北陸電力株式会社,敦賀火力発電所,福井県敦賀市泉171号5-7,2000-09,2,700,専焼,3,石炭,湿式,2480,100,,,,,,,,,,,,,,,,,,
fc04_263,35.6725520295798,136.077880288873,北陸電力株式会社,敦賀火力発電所,福井県敦賀市泉171号5-7,1991-10,1,500,専焼,3,石炭,湿式,1800,100,,,,,,,,,,,,,,,,,,
fc04_264,35.5251004126458,135.34113395664,関西電力株式会社,舞鶴火力発電所,京都府舞鶴市字千歳560番地5,2004-08,1,900,専焼,3,石炭,湿式,2345,100,,,,,,,,,,,,,,,,,,
fc04_265,34.5680607131603,135.440631935289,関西電力株式会社,堺港火力発電所,大阪府堺市西区築港新町1-2,1964-12,1,250,専焼,4,LNG,,800,100,1978-01,,,,,,,,,,,,,,,,,
fc04_266,34.5680607131603,135.440631935289,関西電力株式会社,堺港火力発電所,大阪府堺市西区築港新町1-2,1965-08,2,250,専焼,4,LNG,,800,100,1977-11,,,,,,,,,,,,,,,,,
fc04_267,34.5680607131603,135.440631935289,関西電力株式会社,堺港火力発電所,大阪府堺市西区築港新町1-2,1966-04,3,250,専焼,4,LNG,,800,100,1980-09,,,,,,,,,,,,,,,,,
fc04_268,34.5680607131603,135.440631935289,関西電力株式会社,堺港火力発電所,大阪府堺市西区築港新町1-2,1967-03,4,250,専焼,4,LNG,,800,100,1981-04,,,,,,,,,,,,,,,,,
fc04_269,34.5680607131603,135.440631935289,関西電力株式会社,堺港火力発電所,大阪府堺市西区築港新町1-2,1967-10,5,250,専焼,4,LNG,,800,100,1980-04,,,,,,,,,,,,,,,,,
fc04_270,34.5680607131603,135.440631935289,関西電力株式会社,堺港火力発電所,大阪府堺市西区築港新町1-2,1968-02,6,250,専焼,4,LNG,,800,100,1978-02,,,,,,,,,,,,,,,,,
fc04_271,34.5680607131603,135.440631935289,関西電力株式会社,堺港火力発電所,大阪府堺市西区築港新町1-2,1970-10,7,250,専焼,4,LNG,,800,100,1978-03,,,,,,,,,,,,,,,,,
fc04_272,34.5680607131603,135.440631935289,関西電力株式会社,堺港火力発電所,大阪府堺市西区築港新町1-2,1971-02,8,250,専焼,4,LNG,,800,100,1981-03,,,,,,,,,,,,,,,,,
fc04_273,34.8362406359501,136.962046954867,中部電力株式会社,碧南火力発電所,愛知県碧南市港南町2-8-2,2001-11,4,1000,専焼,3,石炭,湿式,3170,100,,,,,,,,,,,,,,,,,,
fc04_274,34.8362406359501,136.962046954867,中部電力株式会社,碧南火力発電所,愛知県碧南市港南町2-8-2,2002-11,5,1000,専焼,3,石炭,湿式,3170,100,,,,,,,,,,,,,,,,,,
fc04_275,34.8428144492312,136.926425313778,中山名古屋共同発電株式会社,名古屋発電所,愛知県知多郡武豊町,2000-04,1,149,専焼,3,石炭,,0,0,,,,,,,,,,,,,,,,,,
fc04_276,34.9738471081207,136.828274507337,出光興産株式会社,愛知製油所発電所,愛知県知多市南浜町11番地,2004-07,1,252,専焼,8,残渣油,,0,0,,,,,,,,,,,,,,,,,,
fc04_277,34.9874125085344,136.84390819003,中部電力株式会社,知多火力発電所,愛知県知多市北浜町23,1967-01,2B,375,専焼,4,LNG,,1080,100,1985-03,,,,,,,,,,,,,,,,,
fc04_278,34.7100546257301,137.32271816975,明海発電株式会社,豊橋発電所,愛知県豊橋市明海町1,2000-04,1,147,専焼,3,石炭,,0,0,,,,,,,,,,,,,,,,,,
fc04_279,34.8362406359501,136.962046954867,中部電力株式会社,碧南火力発電所,愛知県碧南市港南町2-8-2,1991-10,1,700,専焼,3,石炭,湿式,2500,100,,,,,,,,,,,,,,,,,,
fc04_280,34.8362406359501,136.962046954867,中部電力株式会社,碧南火力発電所,愛知県碧南市港南町2-8-2,1992-06,2,700,専焼,3,石炭,湿式,2500,100,,,,,,,,,,,,,,,,,,
fc04_281,34.8362406359501,136.962046954867,中部電力株式会社,碧南火力発電所,愛知県碧南市港南町2-8-2,1993-04,3,700,専焼,3,石炭,湿式,2490,100,,,,,,,,,,,,,,,,,,
fc04_282,34.9874125085344,136.84390819003,中部電力株式会社,知多火力発電所,愛知県知多市北浜町23,1966-02,1B,375,専焼,4,LNG,,1080,100,1984-07,,,,,,,,,,,,,,,,,
fc04_283,34.9874125085344,136.84390819003,中部電力株式会社,知多火力発電所,愛知県知多市北浜町23,1996-08,1GT,154,専焼,4,LNG,,440,100,,,,,,,,,,,,,,,,,,
fc04_284,34.9874125085344,136.84390819003,中部電力株式会社,知多火力発電所,愛知県知多市北浜町23,1995-08,2GT,154,専焼,4,LNG,,440,100,,,,,,,,,,,,,,,,,,
fc04_285,34.9874125085344,136.84390819003,中部電力株式会社,知多火力発電所,愛知県知多市北浜町23,1968-03,3,500,専混焼,4,原油,,1560,100,1982-04,,,,,,,,,,,,,,,,,
fc04_286,34.9874125085344,136.84390819003,中部電力株式会社,知多火力発電所,愛知県知多市北浜町23,1974-03,4,700,専混焼,4,原油,,2090,100,1979-04,,,,,,,,,,,,,,,,,
fc04_287,34.9874125085344,136.84390819003,中部電力株式会社,知多火力発電所,愛知県知多市北浜町23,1978-03,5B,700,専焼,4,LNG,,2080,100,,,,,,,,,,,,,,,,,,
fc04_288,34.9874125085344,136.84390819003,中部電力株式会社,知多火力発電所,愛知県知多市北浜町23,1995-06,5GT,154,専焼,4,LNG,,460,100,,,,,,,,,,,,,,,,,,
fc04_289,34.9874125085344,136.84390819003,中部電力株式会社,知多火力発電所,愛知県知多市北浜町23,1978-04,6B,700,専焼,4,LNG,,2080,100,,,,,,,,,,,,,,,,,,
fc04_290,34.9874125085344,136.84390819003,中部電力株式会社,知多火力発電所,愛知県知多市北浜町23,1994-09,6GT,154,専焼,4,LNG,,460,100,,,,,,,,,,,,,,,,,,
fc04_291,35.1288833921013,138.663899373782,ポリプラスチックス株式会社,富士工場発電所,静岡県富士市宮島973番地,2000-06,1,47,専焼,8,重油,,0,0,,,,,,,,,,,,,,,,,,
fc04_292,37.0338050992212,137.852400007546,糸魚川発電株式会社,糸魚川火力発電所,新潟県糸魚川市上刈7丁目1番,2001-07,1,134,専焼,3,石炭,,0,0,,,,,,,,,,,,,,,,,,
fc04_293,37.2078622579341,138.277306538386,中部電力株式会社,上越火力発電所,新潟県上越市八千浦,2012-07,1,1180,専焼,4,LNG,,0,0,,,,,,,,,,,,,,,,,,
fc04_294,37.2078622579341,138.277306538386,中部電力株式会社,上越火力発電所,新潟県上越市八千浦,2017,2,1180,専焼,4,LNG,,0,0,,,,,,,,,,,,,,,,,,
fc04_295,37.9969539397785,138.323595593733,双日佐和田火力株式会社,双日佐和田火力発電所,新潟県佐渡市八幡,2000-06,1,5.3,専焼,8,原油,,0,0,,,,,,,,,,,,,,,,,,
fc04_296,37.9969539397785,138.323595593733,双日佐和田火力株式会社,双日佐和田火力発電所,新潟県佐渡市八幡,2005-06,2,7.9,専焼,8,原油,,0,0,,,,,,,,,,,,,,,,,,
fc04_297,37.9996371128369,139.241141992016,東北電力株式会社,東新潟火力発電所,新潟県北蒲原郡聖籠町東港1丁目1-155,1999-07,4コ,826,専焼,4,LNG,,4000,100,,,,,,,,,,,,,,,,,,
fc04_298,37.9996371128369,139.241141992016,東北電力株式会社,東新潟火力発電所,新潟県北蒲原郡聖籠町東港1丁目1-155,1977-04,1,600,専混焼,4,原油,,0,0,,,,,,,,,,,,,,,,,,
fc04_299,37.9996371128369,139.241141992016,東北電力株式会社,東新潟火力発電所,新潟県北蒲原郡聖籠町東港1丁目1-155,1985-10,3コ,1090,専焼,4,LNG,,7700,100,,,,,,,,,,,,,,,,,,
fc04_300,37.9996371128369,139.241141992016,東北電力株式会社,東新潟火力発電所,新潟県北蒲原郡聖籠町東港1丁目1-155,1983-06,2,600,専混焼,4,原油,,1870,100,,,,,,,,,,,,,,,,,,
fc04_301,37.9996371128369,139.241141992016,東北電力株式会社,東新潟火力発電所,新潟県北蒲原郡聖籠町東港1丁目1-155,1972-11,港1,350,混焼,4,原油,,0,0,1984-03,,,,,,,,,,,,,,,,,
fc04_302,37.9996371128369,139.241141992016,東北電力株式会社,東新潟火力発電所,新潟県北蒲原郡聖籠町東港1丁目1-155,1975-11,港2,350,混焼,4,原油,,0,0,1984-03,,,,,,,,,,,,,,,,,
fc04_303,35.2145568324658,139.717152452786,東京電力株式会社,横須賀火力発電所,神奈川県横須賀市久里浜9-2-1,1971-07,G/T1,30,専焼,8,軽油,,0,0,,,,,,,,,,,,,,,,,,
fc04_304,35.3615562220794,139.377511813775,株式会社トーメンパワー寒川,寒川パワーステーション,神奈川県高座郡寒川町一ノ宮7－10－2,1999-06,1,65.5,専焼,8,灯油,,0,0,,,,,,,,,,,,,,,,,,
fc04_305,35.358887151267,139.459056827236,株式会社荏原製作所,藤沢工場第二火力発電所,神奈川県藤沢市本藤沢4-2-1,1999-06,1,64,専焼,5,都市ガス,,0,0,,,,,,,,,,,,,,,,,,
fc04_306,35.4041227373822,139.635953909228,電源開発株式会社,磯子火力発電所,神奈川県横浜市磯子区,2009-07,2,600,専焼,3,石炭,,0,0,,,,,,,,,,,,,,,,,,
fc04_307,35.4153471041256,139.644253563381,新日本石油精製株式会社,根岸製油所ガス化複合発電所,神奈川県横浜市中区千鳥町3番地,2003-06,1,342,混焼,8,重油,,0,0,,,,,,,,,,,,,,,,,,
fc04_308,35.344111380761,139.833797481774,東京電力株式会社,富津火力発電所,千葉県富津市新富25,2003-11,3コ,1520,専焼,4,LNG,,7480,100,,,,,,,,,,,,,,,,,,
fc04_309,35.344111380761,139.833797481774,東京電力株式会社,富津火力発電所,千葉県富津市新富25,2008-07,4コ,1520,専焼,4,LNG,,0,0,,,,,,,,,,,,,,,,,,
fc04_310,35.3468126152482,139.869229514914,君津共同火力株式会社,君津共同火力発電所,千葉県君津市君津1番地,2004-07,5,300,混焼,8,BFG,,0,0,,,,,,,,,,,,,,,,,,
fc04_311,35.4856212754713,139.660656881493,新日本石油精製株式会社,横浜火力発電所,神奈川県横浜市神奈川区子安通三丁目390番地,2000-06,3,48.53,専焼,8,軽油,,0,0,,,,,,,,,,,,,,,,,,
fc04_312,35.5142727352255,139.743410241639,株式会社ジェネックス,水江発電所,神奈川県川崎市川崎区水江町3番1号,2003-06,1,238,専焼,8,LDG,,0,0,,,,,,,,,,,,,,,,,,
fc04_313,35.513994572711,139.760043412409,東京電力株式会社,川崎火力発電所,神奈川県川崎市川崎区千鳥町5-1,2007-07,1コ,1500,専焼,4,LNG,,0,0,,,,,,,,,,,,,,,,,,
fc04_314,35.513994572711,139.760043412409,東京電力株式会社,川崎火力発電所,神奈川県川崎市川崎区千鳥町5-1,2016,2コ,1500,専焼,4,LNG,,0,0,,,,,,,,,,,,,,,,,,
fc04_315,35.5219893814796,139.760102867349,昭和電工株式会社,川崎工場発電所,神奈川県川崎市川崎区千鳥町2-3,1999-06,4,62.1,専焼,8,残渣油,,0,0,,,,,,,,,,,,,,,,,,
fc04_316,35.5219893814796,139.760102867349,昭和電工株式会社,川崎工場発電所,神奈川県川崎市川崎区千鳥町2-3,1999-06,3,62.1,専焼,8,残渣油,,0,0,,,,,,,,,,,,,,,,,,
fc04_317,35.5807043330676,140.125525550214,JFEスモール株式会社,川鉄千葉グリーンパワーステーション,千葉県千葉市中央区川崎町,2002-06,1,381.8,専焼,4,LNG,,0,0,,,,,,,,,,,,,,,,,,
fc04_318,35.5645921736097,140.105666184325,東京電力株式会社,千葉火力発電所,千葉県千葉市中央区蘇我町2-1377,2000-04,1コ,1440,専焼,4,LNG,,7480,100,,,,,,,,,,,,,,,,,,
fc04_319,35.5645921736097,140.105666184325,東京電力株式会社,千葉火力発電所,千葉県千葉市中央区蘇我町2-1377,2000-06,2コ,1440,専焼,4,LNG,,7480,100,,,,,,,,,,,,,,,,,,
fc04_320,35.9407355920247,140.688360764363,住友金属工業株式会社,住友金属鹿島火力発電所,茨城県鹿嶋市光3番地,2007-06,1,475,専焼,3,石炭,,0,0,,,,,,,,,,,,,,,,,,
fc04_321,36.365612242386,138.925336612676,群馬県,高浜発電所,群馬県高崎市高浜町,1996-11,1,25,混焼,5,廃棄物,,0,0,,,,,,,,,,,,,,,,,,
fc04_322,36.4366082031839,140.609835211113,東京電力株式会社,常陸那珂火力発電所,茨城県那珂郡東海村照沼768-23,2003-12,1,1000,専焼,3,石炭,湿式,3280,100,,,,,,,,,,,,,,,,,,
fc04_323,36.4366082031839,140.609835211113,東京電力株式会社,常陸那珂火力発電所,茨城県那珂郡東海村照沼768-23,2014,2,1000,専焼,3,石炭,,0,0,,,,,,,,,,,,,,,,,,
fc04_324,36.5025702049257,140.621872732436,株式会社日立製作所,日立臨海発電所,茨城県日立市大みか町5-2-2,2000-06,1,102.8,専焼,8,重油,,0,0,,,,,,,,,,,,,,,,,,
fc04_325,36.5025702049257,140.621872732436,株式会社日立製作所,日立臨海発電所,茨城県日立市大みか町5-2-2,2006-06,2,86.1,専焼,8,重油,,0,0,,,,,,,,,,,,,,,,,,
fc04_326,36.5379841003284,140.375116241187,日立造船株式会社,茨城工場第一発電所,茨城県常陸大宮市工業団地4番地,2006-06,3,109,専焼,8,重油,,0,0,,,,,,,,,,,,,,,,,,
fc04_327,36.5379841003284,140.375116241187,日立造船株式会社,茨城工場第一発電所,茨城県常陸大宮市工業団地4番地,1999-06,2,102.666,専焼,8,重油,,0,0,,,,,,,,,,,,,,,,,,
fc04_328,37.2330266621574,141.01406619364,東京電力株式会社,広野火力発電所,福島県双葉郡広野町大字下北迫字二ツ沼58,2004-07,5,600,専焼,3,石炭,湿式,1970,100,,,,,,,,,,,,,,,,,,
fc04_329,37.2331235263855,141.014070782061,東京電力株式会社,広野火力発電所,福島県双葉郡広野町大字下北迫字二ツ沼58,2010,6,600,専焼,3,石炭,,0,0,,,,,,,,,,,,,,,,,,
fc04_330,35.3137903893441,139.640489474407,株式会社東京ガス横須賀パワー,横須賀パワーステーション,神奈川県横須賀市浦郷町5丁目2931番地70,2006-06,1,200.2,専焼,4,LNG,,0,0,,,,,,,,,,,,,,,,,,
fc04_331,37.2330266621574,141.01406619364,東京電力株式会社,広野火力発電所,福島県双葉郡広野町大字下北迫字二ツ沼58,1980-04,1,600,専混焼,8,原油,,0,0,,,,,,,,,,,,,,,,,,
fc04_332,37.2330266621574,141.01406619364,東京電力株式会社,広野火力発電所,福島県双葉郡広野町大字下北迫字二ツ沼58,1989-06,3,1000,専混焼,5,原油,,0,0,,,,,,,,,,,,,,,,,,
fc04_333,37.2330266621574,141.01406619364,東京電力株式会社,広野火力発電所,福島県双葉郡広野町大字下北迫字二ツ沼58,1980-07,2,600,専混焼,5,原油,,0,0,1984-08,,,,,,,,,,,,,,,,,
fc04_334,37.2330266621574,141.01406619364,東京電力株式会社,広野火力発電所,福島県双葉郡広野町大字下北迫字二ツ沼58,1993-01,4,1000,専混焼,5,原油,,2970,100,,,,,,,,,,,,,,,,,,
fc04_335,35.344111380761,139.833797481774,東京電力株式会社,富津火力発電所,千葉県富津市新富25,1986-11,1コ,1000,専焼,4,LNG,,8000,100,,,,,,,,,,,,,,,,,,
fc04_336,35.344111380761,139.833797481774,東京電力株式会社,富津火力発電所,千葉県富津市新富25,1988-11,2コ,1000,専焼,4,LNG,,8000,100,,,,,,,,,,,,,,,,,,
fc04_337,35.3468126152482,139.869229514914,君津共同火力株式会社,君津共同火力発電所,千葉県君津市君津1番地,1970-11,3,350,混焼,8,重油,,0,0,,,,,,,,,,,,,,,,,,
fc04_338,35.3468126152482,139.869229514914,君津共同火力株式会社,君津共同火力発電所,千葉県君津市君津1番地,1971-11,4,350,混焼,8,重油,,0,0,,,,,,,,,,,,,,,,,,
fc04_339,35.4041227373822,139.635953909228,電源開発株式会社,磯子火力発電所,神奈川県横浜市磯子区,2002-04,1,600,専焼,3,石炭,乾式,2000,100,,,,,,,,,,,,,,,,,,
fc04_340,35.2145568324658,139.717152452786,東京電力株式会社,横須賀火力発電所,神奈川県横須賀市久里浜9-2-1,1964-05,3,350,専混焼,8,原油,,1076,100,,,,,,,,,,,,,,,,,,
fc04_341,35.2145568324658,139.717152452786,東京電力株式会社,横須賀火力発電所,神奈川県横須賀市久里浜9-2-1,1964-07,4,350,専混焼,8,原油,,1076,100,,,,,,,,,,,,,,,,,,
fc04_342,35.2145568324658,139.717152452786,東京電力株式会社,横須賀火力発電所,神奈川県横須賀市久里浜9-2-1,1966-07,5,350,専混焼,8,原油,,1076,100,,,,,,,,,,,,,,,,,,
fc04_343,35.2145568324658,139.717152452786,東京電力株式会社,横須賀火力発電所,神奈川県横須賀市久里浜9-2-1,1967-01,6,350,専混焼,8,原油,,0,0,,,,,,,,,,,,,,,,,,
fc04_344,35.2145568324658,139.717152452786,東京電力株式会社,横須賀火力発電所,神奈川県横須賀市久里浜9-2-1,1969-09,7,350,専混焼,8,原油,,0,0,,,,,,,,,,,,,,,,,,
fc04_345,35.2145568324658,139.717152452786,東京電力株式会社,横須賀火力発電所,神奈川県横須賀市久里浜9-2-1,1970-01,8,350,専混焼,8,原油,,980,100,,,,,,,,,,,,,,,,,,
fc04_346,38.316632590868,141.072764695503,東北電力株式会社,仙台火力発電所,宮城県宮城郡七ヶ浜町代ケ崎浜字前島1,2010-07,4,446,専焼,4,LNG,,0,0,,,,,,,,,,,,,,,,,,
fc04_347,38.2770958596049,141.03910935113,東北電力株式会社,新仙台火力発電所,宮城県仙台市宮城野区港5丁目2番1号,2013-07,3,800,専焼,4,LNG,,0,0,,,,,,,,,,,,,,,,,,
fc04_348,39.2705335505418,141.868359916497,新日本製鐵株式会社,釜石火力発電所,岩手県釜石市鈴子町23番15号,2000-07,1,136,専焼,3,石炭,,0,0,,,,,,,,,,,,,,,,,,
fc04_349,40.5557854547961,141.491847680745,株式会社大平洋エネルギーセンター,北沼発電所,青森県八戸市大字河原木字北沼1－1,2000-07,1,44,専焼,8,原油,,0,0,,,,,,,,,,,,,,,,,,
fc04_350,38.2770958596049,141.03910935113,東北電力株式会社,新仙台火力発電所,宮城県仙台市宮城野区港5丁目2番1号,1973-06,2,600,専混焼,5,原油,,0,0,1996-05,,,,,,,,,,,,,,,,,
fc04_351,38.2770958596049,141.03910935113,東北電力株式会社,新仙台火力発電所,宮城県仙台市宮城野区港5丁目2番1号,1971-08,1,350,専焼,8,重油,,0,0,,,,,,,,,,,,,,,,,,
fc04_352,41.583466370891,140.425104663177,北海道電力株式会社,知内火力発電所,北海道上磯郡知内町字元町28-13,1998-09,2,350,専混焼,8,瀝青質混合物,湿式,1141,100,,,,,,,,,,,,,,,,,,
fc04_353,42.1745060091573,139.506315300881,三菱電機株式会社,奥尻発電所,北海道奥尻郡奥尻町字奥尻,2004-11,内燃力,1.25,専焼,8,重油,,0,0,,,,,,,,,,,,,,,,,,
fc04_354,45.3718913917848,141.058571329148,三菱電機株式会社,礼文発電所,北海道礼文郡礼文町大字香深村,2004-07,内燃力,1.25,専焼,8,重油,,0,0,,,,,,,,,,,,,,,,,,
fc04_355,41.583466370891,140.425104663177,北海道電力株式会社,知内火力発電所,北海道上磯郡知内町字元町28-13,1983-12,1,350,専焼,8,重油,,0,0,,,,,,,,,,,,,,,,,,
fc04_356,42.3438082967804,140.991066102064,新日本製鐵株式会社,室蘭製鉄所中央発電所,北海道室蘭市仲町,2001-10,1,100,混焼,3,重油,,0,0,,,,,,,,,,,,,,,,,,
fc04_357,42.3636776005099,140.949997251178,新日本石油精製株式会社,室蘭発電所,北海道室蘭市陣屋町一丁目172番地,2004-10,5,50,専焼,8,残渣油,,0,0,,,,,,,,,,,,,,,,,,
fc04_358,42.638849872253,141.659602761232,北海道パワーエンジニアリング株式会社,苫小牧共同発電所,北海道苫小牧市真砂町,1974-04,3,250,専焼,8,重油,,0,0,,,,,,,,,,,,,,,,,,
fc04_359,42.6366656562615,141.653237376158,出光興産株式会社,北海道製油所苫小牧発電所,北海道苫小牧市真砂町25番地1,2005-08,1,15,混焼,8,LNG,,0,0,,,,,,,,,,,,,,,,,,
fc04_360,42.8962495830468,143.942367980856,北海道電力株式会社,音別GT発電所,北海道釧路市音別町若草,1978-05,1,74,専焼,8,軽油,,0,0,,,,,,,,,,,,,,,,,,
fc04_361,42.8962495830468,143.942367980856,北海道電力株式会社,音別GT発電所,北海道釧路市音別町若草,1978-05,2,74,専焼,8,軽油,,0,0,,,,,,,,,,,,,,,,,,
fc04_362,43.0094139798745,144.358358118873,株式会社日本製紙,釧路工場発電所,北海道釧路市鳥取南2-1,2004-10,1,80,専焼,3,石炭,,0,0,,,,,,,,,,,,,,,,,,
fc04_363,26.2774527436083,127.813969915519,沖縄電力株式会社,吉の浦火力発電所,沖縄県中頭郡中城村字泊509番地の2,2010-11,1,251,専焼,4,LNG,,0,0,,,,,,,,,,,,,,,,,,
fc04_364,26.2774527436083,127.813969915519,沖縄電力株式会社,吉の浦火力発電所,沖縄県中頭郡中城村字泊509番地の2,2011-05,2,251,専焼,4,LNG,,0,0,,,,,,,,,,,,,,,,,,
fc04_365,26.2774527436083,127.813969915519,沖縄電力株式会社,吉の浦火力発電所,沖縄県中頭郡中城村字泊509番地の2,2016,3,251,専焼,4,LNG,,0,0,,,,,,,,,,,,,,,,,,
fc04_366,26.2694865474058,127.719559451709,沖縄電力株式会社,牧港GT発電所,沖縄県浦添市牧港,1977-05,1,60,専焼,8,灯油,,0,0,,,,,,,,,,,,,,,,,,
fc04_367,26.2694865474058,127.719559451709,沖縄電力株式会社,牧港GT発電所,沖縄県浦添市牧港,1990-05,2,103,専焼,8,灯油,,0,0,,,,,,,,,,,,,,,,,,
fc04_368,26.4328611307135,127.814736941906,沖縄電力株式会社,石川GT発電所,沖縄県うるま市石川,1992-05,1,103,専焼,8,灯油,,0,0,,,,,,,,,,,,,,,,,,
fc04_369,26.4462096635178,127.921075109085,沖縄電力株式会社,金武火力発電所,沖縄県国頭郡金武町字金武,2002-02,1,220,専焼,3,石炭,湿式,720,100,,,,,,,,,,,,,,,,,,
fc04_370,26.4462096635178,127.921075109085,沖縄電力株式会社,金武火力発電所,沖縄県国頭郡金武町字金武,2003-05,2,220,専焼,3,石炭,湿式,720,100,,,,,,,,,,,,,,,,,,
fc04_371,24.3370730112882,124.191195524739,沖縄電力株式会社,石垣GT発電所,沖縄県石垣市字真栄里,2000-06,1,5,専焼,8,重油,,0,0,,,,,,,,,,,,,,,,,,
fc04_372,24.3370730112882,124.191195524739,沖縄電力株式会社,石垣GT発電所,沖縄県石垣市字真栄里,2000-07,2,5,専焼,8,重油,,0,0,,,,,,,,,,,,,,,,,,
fc04_373,24.8116279179547,125.288508492426,沖縄電力株式会社,宮古GT発電所,沖縄県宮古島市平良字荷川取,2003-06,1,5,専焼,8,重油,,0,0,,,,,,,,,,,,,,,,,,
fc04_374,24.8116279179547,125.288508492426,沖縄電力株式会社,宮古GT発電所,沖縄県宮古島市平良字荷川取,2003-06,2,5,専焼,8,重油,,0,0,,,,,,,,,,,,,,,,,,
fc04_375,24.8116279179547,125.288508492426,沖縄電力株式会社,宮古GT発電所,沖縄県宮古島市平良字荷川取,2003-06,3,5,専焼,8,重油,,0,0,,,,,,,,,,,,,,,,,,
fc04_376,34.7870037970369,134.625573979401,新日本製鐵株式会社,広畑火力発電所,兵庫県姫路市広畑区富士町1番地,1999-04,1,133,専焼,3,石炭,,0,0,,,,,,,,,,,,,,,,,,
fc05_1,31.1914718474829,130.615333239019,九州電力株式会社,山川地熱発電所,鹿児島県指宿市山川小川2303番地,1995-03,1,30,,,,,,,,九州電力株式会社,,,,,,,,,,,,,,,,
fc05_2,31.9265278766343,130.797111200557,九州電力株式会社,大霧地熱発電所,鹿児島県霧島市牧園町万膳字銀湯1468-10,1996-03,1,30,,,,,,,,日鉄鹿児島地熱株式会社,,,,,,,,,,,,,,,,
fc05_3,33.1056669226703,131.188389143234,九州電力株式会社,八丁原地熱発電所,大分県玖珠郡九重町大字湯坪字八丁原601番地,1977-06,1,55,,,,,,,,九州電力株式会社,,,,,,,,,,,,,,,,
fc05_4,33.1056669226703,131.188389143234,九州電力株式会社,八丁原地熱発電所,大分県玖珠郡九重町大字湯坪字八丁原601番地,1990-06,2,55,,,,,,,,九州電力株式会社,,,,,,,,,,,,,,,,
fc05_5,33.1236939228972,131.190472142812,九州電力株式会社,大岳地熱発電所,大分県玖珠郡九重町大字湯坪,1967-08,1,12.5,,,,,,,,九州電力株式会社,,,,,,,,,,,,,,,,
fc05_6,33.224805929543,131.266500135263,九州電力株式会社,滝上地熱発電所,大分県玖珠郡九重町大字野上寺床2862-12,1996-11,1,25,,,,,,,,出光大分地熱株式会社,,,,,,,,,,,,,,,,
fc05_7,37.4200559995325,139.688693997457,東北電力株式会社,柳津西山地熱発電所,福島県河沼郡柳津町大字黒沢,1995-05,1,65,,,,,,,,奥会津地熱株式会社,,,,,,,,,,,,,,,,
fc05_8,38.8099439979406,140.708749988626,電源開発株式会社,鬼首地熱発電所,宮城県大崎市鳴子温泉字末沢西16-10,1975-03,1,12.5,,,,,,,,電源開発株式会社,,,,,,,,,,,,,,,,
fc05_9,39.8289719974846,140.865666987054,東北電力株式会社,葛根田地熱発電所,岩手県岩手郡雫石町西根,1978-05,1,50,,,,,,,,東北水力地熱株式会社,,,,,,,,,,,,,,,,
fc05_10,39.8289719974846,140.865666987054,東北電力株式会社,葛根田地熱発電所,岩手県岩手郡雫石町西根,1996-03,2,30,,,,,,,,東北水力地熱株式会社,,,,,,,,,,,,,,,,
fc05_11,39.871916997256,140.920221986235,東北水力地熱株式会社,松川地熱発電所,岩手県八幡平市松尾寄木,1966-10,1,23.5,,,,,,,,東北水力地熱株式会社,,,,,,,,,,,,,,,,
fc05_12,39.9881109977874,140.793527988244,東北電力株式会社,澄川地熱発電所,秋田県鹿角市八幡平,1995-03,1,50,,,,,,,,三菱マテリアル株式会社,,,,,,,,,,,,,,,,
fc05_13,42.1332499989078,140.455138993347,北海道電力株式会社,森地熱発電所,北海道茅部郡森町字濁川,1982-11,1,50,,,,,,,,北海道電力株式会社,,,,,,,,,,,,,,,,
fc05_14,33.0752824349657,139.812960110984,東京電力株式会社,八丈島地熱発電所,東京都八丈町中之郷2872,1999-03,1,3.3,,,,,,,,東京電力株式会社,,,,,,,,,,,,,,,,
fc05_15,39.0019598468631,140.604202213023,東北電力株式会社,上の岱地熱発電所,秋田県湯沢市高松字高松沢,1994-03,1,28.8,,,,,,,,秋田地熱エネルギー株式会社,,,,,,,,,,,,,,,,
fc06_1,33.7899896228085,132.035215357038,中国電力株式会社,上関原子力発電所,山口県熊毛郡上関町大字長島,2014,1,137.3,,,,,,,,,4,,,,,,,,,,,,,,,
fc06_2,33.7899896228085,132.035215357038,中国電力株式会社,上関原子力発電所,山口県熊毛郡上関町大字長島,2017,2,137.3,,,,,,,,,4,,,,,,,,,,,,,,,
fc06_3,36.465194,140.605139,日本原子力発電株式会社,東海第二原子力発電所,茨城県那珂郡東海村白方1-1,1978-11-28,1,110,,,,,,,,,2,1972-01,1972-12-23,1973-04,,,,,,,,,,,,
fc06_4,37.0605865780424,136.72682837137,北陸電力株式会社,志賀原子力発電所,石川県羽咋郡志賀町赤住1,1993-07-30,1,54,,,,,,,,,2,1986-12,1988-08-22,1988-11,,,,,,,,,,,,
fc06_5,37.0605865780424,136.72682837137,北陸電力株式会社,志賀原子力発電所,石川県羽咋郡志賀町赤住1,2006-03-15,2,135.8,,,,,,,,,4,1997-03,1999-04-14,1999-08,,,,,,,,,,,,
fc06_6,31.8344167742659,130.190194358379,九州電力株式会社,川内原子力発電所,鹿児島県薩摩川内市久見崎町字片平山1765番地3,1984-07-04,1,89,,,,,,,,,3,1976-03,1977-12-17,1978-11,,,,,,,,,,,,
fc06_7,31.8344167742659,130.190194358379,九州電力株式会社,川内原子力発電所,鹿児島県薩摩川内市久見崎町字片平山1765番地3,1985-11-28,2,89,,,,,,,,,3,1978-07,1980-12-22,1981-03,,,,,,,,,,,,
fc06_8,33.5158886978081,129.837250387298,九州電力株式会社,玄海原子力発電所,佐賀県東松浦郡玄海町今村,1975-10-15,1,55.9,,,,,,,,,3,1970-06,1970-12-10,1971-03,,,,,,,,,,,,
fc06_9,33.5158886978081,129.837250387298,九州電力株式会社,玄海原子力発電所,佐賀県東松浦郡玄海町今村,1981-03-30,2,55.9,,,,,,,,,3,1974-08,1976-01-23,1976-05,,,,,,,,,,,,
fc06_10,33.5158886978081,129.837250387298,九州電力株式会社,玄海原子力発電所,佐賀県東松浦郡玄海町今村,1994-03-18,3,118,,,,,,,,,3,1982-10,1984-10-12,1985-03,,,,,,,,,,,,
fc06_11,33.5158886978081,129.837250387298,九州電力株式会社,玄海原子力発電所,佐賀県東松浦郡玄海町今村,1997-07-25,4,118,,,,,,,,,3,1982-10,1984-10-12,1985-03,,,,,,,,,,,,
fc06_12,33.4726109814319,132.308417071137,四国電力株式会社,伊方原子力発電所,愛媛県西宇和郡伊方町,1977-09-30,1,56.6,,,,,,,,,3,1972-03,1972-11-29,1973-04,,,,,,,,,,,,
fc06_13,33.4726109814319,132.308417071137,四国電力株式会社,伊方原子力発電所,愛媛県西宇和郡伊方町,1982-03-19,2,56.6,,,,,,,,,3,1975-03,1977-03-30,1977-12,,,,,,,,,,,,
fc06_14,33.4726109814319,132.308417071137,四国電力株式会社,伊方原子力発電所,愛媛県西宇和郡伊方町,1994-12-15,3,89,,,,,,,,,3,1983-04,1986-05-26,1986-08,,,,,,,,,,,,
fc06_15,34.6244169996943,138.142027999972,中部電力株式会社,浜岡原子力発電所,静岡県御前崎市佐倉5561,1976-03-17,1,54,,,,,,,,,2,1969-05,1970-12-10,1971-02,,,,,,,,,,,,
fc06_16,34.6244169996943,138.142027999972,中部電力株式会社,浜岡原子力発電所,静岡県御前崎市佐倉5561,1978-11-29,2,84,,,,,,,,,2,1972-03,1973-06-09,1973-09,,,,,,,,,,,,
fc06_17,34.6244169996943,138.142027999972,中部電力株式会社,浜岡原子力発電所,静岡県御前崎市佐倉5561,1987-08-28,3,110,,,,,,,,,2,1978-11,1981-11-16,1982-06,,,,,,,,,,,,
fc06_18,34.6244169996943,138.142027999972,中部電力株式会社,浜岡原子力発電所,静岡県御前崎市佐倉5561,1993-09-03,4,113.7,,,,,,,,,2,1986-11,1988-08-10,1988-10,,,,,,,,,,,,
fc06_19,35.5387779937557,132.999750032995,中国電力株式会社,島根原子力発電所,島根県松江市鹿島町,1974-03-29,1,46,,,,,,,,,2,1969-07,1969-11-13,1970-02,,,,,,,,,,,,
fc06_20,35.5387779937557,132.999750032995,中国電力株式会社,島根原子力発電所,島根県松江市鹿島町,1989-02-10,2,82,,,,,,,,,2,1981-04,1983-09-22,1984-02,,,,,,,,,,,,
fc06_21,35.5224439997018,135.506917000369,関西電力株式会社,高浜原子力発電所,福井県大飯郡高浜町田ノ浦1,1974-11-14,1,82.6,,,,,,,,,3,1969-07,1969-12-12,1970-04,,,,,,,,,,,,
fc06_22,35.5224439997018,135.506917000369,関西電力株式会社,高浜原子力発電所,福井県大飯郡高浜町田ノ浦1,1975-11-14,2,82.6,,,,,,,,,3,1970-06,1970-11-25,1971-02,,,,,,,,,,,,
fc06_23,35.5224439997018,135.506917000369,関西電力株式会社,高浜原子力発電所,福井県大飯郡高浜町田ノ浦1,1985-01-17,3,87,,,,,,,,,3,1978-03,1980-08-04,1980-11,,,,,,,,,,,,
fc06_24,35.5224439997018,135.506917000369,関西電力株式会社,高浜原子力発電所,福井県大飯郡高浜町田ノ浦1,1985-06-05,4,87,,,,,,,,,3,1978-03,1980-08-04,1980-11,,,,,,,,,,,,
fc06_25,35.5402779997094,135.654167000227,関西電力株式会社,大飯原子力発電所,福井県大飯郡おおい町大島1字吉見1-1,1979-03-27,1,117.5,,,,,,,,,3,1970-11,1972-07-04,1972-10,,,,,,,,,,,,
fc06_26,35.5402779997094,135.654167000227,関西電力株式会社,大飯原子力発電所,福井県大飯郡おおい町大島1字吉見1-1,1979-12-05,2,117.5,,,,,,,,,3,1970-11,1972-07-04,1972-11,,,,,,,,,,,,
fc06_27,35.5402779997094,135.654167000227,関西電力株式会社,大飯原子力発電所,福井県大飯郡おおい町大島1字吉見1-1,1991-12-18,3,118,,,,,,,,,3,1985-02,1987-02-10,1987-03,,,,,,,,,,,,
fc06_28,35.5402779997094,135.654167000227,関西電力株式会社,大飯原子力発電所,福井県大飯郡おおい町大島1字吉見1-1,1993-02-02,4,118,,,,,,,,,3,1985-02,1987-02-10,1987-03,,,,,,,,,,,,
fc06_29,35.7037219997198,135.963806000066,関西電力株式会社,美浜原子力発電所,福井県三方郡美浜町丹生66号川坂山5番地3,1970-11-28,1,34,,,,,,,,,3,1966-04,1966-12-01,1967-08,,,,,,,,,,,,
fc06_30,35.7037219997198,135.963806000066,関西電力株式会社,美浜原子力発電所,福井県三方郡美浜町丹生66号川坂山5番地3,1972-07-25,2,50,,,,,,,,,3,1968-01,1968-05-10,1968-12,,,,,,,,,,,,
fc06_31,35.7037219997198,135.963806000066,関西電力株式会社,美浜原子力発電所,福井県三方郡美浜町丹生66号川坂山5番地3,1976-12-01,3,82.6,,,,,,,,,3,1971-07,1972-03-13,1972-07,,,,,,,,,,,,
fc06_32,35.7524999997215,136.018167000051,日本原子力発電株式会社,敦賀原子力発電所,福井県敦賀市神明町,1970-03-14,1,35.7,,,,,,,,,2,1965-06,1966-04-22,1967-02,,,,,,,,,,,,
fc06_33,35.7524999997215,136.018167000051,日本原子力発電株式会社,敦賀原子力発電所,福井県敦賀市神明町,1987-02-17,2,116,,,,,,,,,3,1979-01,1982-01-26,1982-03,,,,,,,,,,,,
fc06_34,37.3166939962767,141.023443981843,東京電力株式会社,福島第二原子力発電所,福島県双葉郡楢葉町大字波倉字小浜作12,1982-04-20,1,110,,,,,,,,,2,1972-07,1974-04-30,1975-08,,,,,,,,,,,,
fc06_35,37.3166939962767,141.023443981843,東京電力株式会社,福島第二原子力発電所,福島県双葉郡楢葉町大字波倉字小浜作12,1984-02-03,2,110,,,,,,,,,2,1975-03,1978-06-26,1979-01,,,,,,,,,,,,
fc06_36,37.3166939962767,141.023443981843,東京電力株式会社,福島第二原子力発電所,福島県双葉郡楢葉町大字波倉字小浜作12,1985-06-21,3,110,,,,,,,,,2,1977-03,1980-08-04,1980-11,,,,,,,,,,,,
fc06_37,37.3166939962767,141.023443981843,東京電力株式会社,福島第二原子力発電所,福島県双葉郡楢葉町大字波倉字小浜作12,1987-08-25,4,110,,,,,,,,,2,1978-07,1980-08-04,1980-11,,,,,,,,,,,,
fc06_38,37.4273609997543,138.594221999841,東京電力株式会社,柏崎刈羽原子力発電所,新潟県柏崎市青山町16-46,1985-09-18,1,110,,,,,,,,,2,1974-08,1977-09-01,1978-11,,,,,,,,,,,,
fc06_39,37.4273609997543,138.594221999841,東京電力株式会社,柏崎刈羽原子力発電所,新潟県柏崎市青山町16-46,1990-09-28,2,110,,,,,,,,,2,1981-04,1983-05-06,1983-08,,,,,,,,,,,,
fc06_40,37.4273609997543,138.594221999841,東京電力株式会社,柏崎刈羽原子力発電所,新潟県柏崎市青山町16-46,1993-08-11,3,110,,,,,,,,,2,1985-04,1987-04-09,1987-06,,,,,,,,,,,,
fc06_41,37.4273609997543,138.594221999841,東京電力株式会社,柏崎刈羽原子力発電所,新潟県柏崎市青山町16-46,1994-08-11,4,110,,,,,,,,,2,1985-04,1987-04-09,1987-06,,,,,,,,,,,,
fc06_42,37.4273609997543,138.594221999841,東京電力株式会社,柏崎刈羽原子力発電所,新潟県柏崎市青山町16-46,1990-04-10,5,110,,,,,,,,,2,1981-04,1983-05-06,1983-08,,,,,,,,,,,,
fc06_43,37.4273609997543,138.594221999841,東京電力株式会社,柏崎刈羽原子力発電所,新潟県柏崎市青山町16-46,1996-11-07,6,135.6,,,,,,,,,4,1988-04,1991-05-15,1991-08,,,,,,,,,,,,
fc06_44,37.4273609997543,138.594221999841,東京電力株式会社,柏崎刈羽原子力発電所,新潟県柏崎市青山町16-46,1997-07-02,7,135.6,,,,,,,,,4,1988-04,1991-05-15,1991-08,,,,,,,,,,,,
fc06_45,37.427332996266,141.028888981854,東京電力株式会社,福島第一原子力発電所,福島県双葉郡大熊町大字夫沢字北原22,1971-03-26,1,46,,,,,,,,,2,1966-04,1966-12-01,1967-09,,,,,,,,,,,,
fc06_46,37.427332996266,141.028888981854,東京電力株式会社,福島第一原子力発電所,福島県双葉郡大熊町大字夫沢字北原22,1974-07-18,2,78.4,,,,,,,,,2,1968-01,1968-03-29,1969-05,,,,,,,,,,,,
fc06_47,37.427332996266,141.028888981854,東京電力株式会社,福島第一原子力発電所,福島県双葉郡大熊町大字夫沢字北原22,1976-03-27,3,78.4,,,,,,,,,2,1969-07,1970-01-23,1970-10,,,,,,,,,,,,
fc06_48,37.427332996266,141.028888981854,東京電力株式会社,福島第一原子力発電所,福島県双葉郡大熊町大字夫沢字北原22,1978-10-12,4,78.4,,,,,,,,,2,1971-07,1972-01-13,1972-05,,,,,,,,,,,,
fc06_49,37.427332996266,141.028888981854,東京電力株式会社,福島第一原子力発電所,福島県双葉郡大熊町大字夫沢字北原22,1978-04-18,5,78.4,,,,,,,,,2,1971-03,1971-09-23,1971-12,,,,,,,,,,,,
fc06_50,37.427332996266,141.028888981854,東京電力株式会社,福島第一原子力発電所,福島県双葉郡大熊町大字夫沢字北原22,1979-10-24,6,110,,,,,,,,,2,1972-01,1972-12-12,1973-03,,,,,,,,,,,,
fc06_51,38.3998059926261,141.502638972098,東北電力株式会社,女川原子力発電所,宮城県牡鹿郡女川町浜塚,1984-06-01,1,52.4,,,,,,,,,2,1970-06,1970-12-10,1971-05,,,,,,,,,,,,
fc06_52,38.3998059926261,141.502638972098,東北電力株式会社,女川原子力発電所,宮城県牡鹿郡女川町浜塚,1995-07-28,2,82.5,,,,,,,,,2,1987-04,1989-02-28,1989-06,,,,,,,,,,,,
fc06_53,38.3998059926261,141.502638972098,東北電力株式会社,女川原子力発電所,宮城県牡鹿郡女川町浜塚,2002-01-30,3,82.5,,,,,,,,,2,1994-03,1996-04-12,1996-09,,,,,,,,,,,,
fc06_54,43.037499998864,140.51155599321,北海道電力株式会社,泊原子力発電所,北海道古宇郡泊村大字堀株村,1989-06-22,1,57.9,,,,,,,,,3,1982-04,1984-06-14,1984-08,,,,,,,,,,,,
fc06_55,43.037499998864,140.51155599321,北海道電力株式会社,泊原子力発電所,北海道古宇郡泊村大字堀株村,1991-04-12,2,57.9,,,,,,,,,3,1982-04,1984-06-14,1984-08,,,,,,,,,,,,
fc06_56,35.7524999997215,136.018167000051,日本原子力発電株式会社,敦賀原子力発電所,福井県敦賀市神明町,2014-03,3,153.8,,,,,,,,,5,,,,,,,,,,,,,,,
fc06_57,35.7524999997215,136.018167000051,日本原子力発電株式会社,敦賀原子力発電所,福井県敦賀市神明町,2015-03,4,153.8,,,,,,,,,5,,,,,,,,,,,,,,,
fc06_58,35.5387779937557,132.999750032995,中国電力株式会社,島根原子力発電所,島根県松江市鹿島町,2011-12,3,137.3,,,,,,,,,4,,,,,,,,,,,,,,,
fc06_59,34.6244169996943,138.142027999972,中部電力株式会社,浜岡原子力発電所,静岡県御前崎市佐倉5561,2005-01-18,5,138,,,,,,,,,4,1997-04,1998-12-25,1999-03,,,,,,,,,,,,
fc06_60,37.427332996266,141.028888981854,東京電力株式会社,福島第一原子力発電所,福島県双葉郡大熊町大字夫沢字北原22,2012-10,7,138,,,,,,,,,4,,,,,,,,,,,,,,,
fc06_61,37.427332996266,141.028888981854,東京電力株式会社,福島第一原子力発電所,福島県双葉郡大熊町大字夫沢字北原22,2013-10,8,138,,,,,,,,,4,,,,,,,,,,,,,,,
fc06_62,43.037499998864,140.51155599321,北海道電力株式会社,泊原子力発電所,北海道古宇郡泊村大字堀株村,2009-12,3,91.2,,,,,,,,,3,,,,,,,,,,,,,,,
fc06_63,37.513589603853,141.033883620679,東北電力株式会社,浪江・小高原子力発電所,福島県双葉郡浪江町大字棚塩外,2017,1,82.5,,,,,,,,,2,,,,,,,,,,,,,,,
fc06_64,41.188175796284,141.390430985289,東北電力株式会社,東通原子力発電所,青森県下北郡東通村大字白糠字前坂下34-4,2005-12-08,1,110,,,,,,,,,2,1996-07,1998-08-31,1998-12,,,,,,,,,,,,
fc06_65,41.188175796284,141.390430985289,東北電力株式会社,東通原子力発電所,青森県下北郡東通村大字白糠字前坂下34-4,2017,2,138.5,,,,,,,,,4,,,,,,,,,,,,,,,
fc06_66,41.2244948673685,141.402618653579,東京電力株式会社,東通原子力発電所,青森県下北郡東通村大字小田野沢,2014,1,138.5,,,,,,,,,4,,,,,,,,,,,,,,,
fc06_67,41.2244948673685,141.402618653579,東京電力株式会社,東通原子力発電所,青森県下北郡東通村大字小田野沢,2016,2,138.5,,,,,,,,,4,,,,,,,,,,,,,,,
fc06_68,41.5171220621184,140.905003548986,電源開発株式会社,大間原子力発電所,青森県下北郡大間町,2012-03,1,138.3,,,,,,,,,4,,,,,,,,,,,,,,,
fc08_1,31.9877103767167,130.494479376932,電源開発株式会社,川内川第一水力発電所,鹿児島県薩摩郡さつま町鶴田,1965-02,,,,,,,,,,,,,,,川内川,120000,1,,,,,,,,,
fc08_2,31.9193503379163,131.133880724324,九州電力株式会社,大淀川第一水力発電所,宮崎県都城市高崎町笛水,1926-01,,,,,,,,,,,,,,,大淀川,55500,1,,,,,,,,,
fc08_3,31.9368444485482,131.248572500507,九州電力株式会社,大淀川第二水力発電所,宮崎県宮崎市高岡町浦之名,1932-03,,,,,,,,,,,,,,,大淀川,71300,3,,,,,,,,,
fc08_4,32.195295565416,131.322984356501,九州電力株式会社,一ツ瀬水力発電所,宮崎県西都市大字片内,1963-06,,,,,,,,,,,,,,,一ツ瀬川,180000,3,,,,,,,,,
fc08_5,32.4901251723089,131.243073540588,九州電力株式会社,岩屋戸水力発電所,宮崎県東臼杵郡椎葉村大字松尾,1942-01,,,,,,,,,,,,,,,耳川,51100,3,,,,,,,,,
fc08_6,32.4749570168733,131.173491961157,九州電力株式会社,上椎葉水力発電所,宮崎県東臼杵郡椎葉村大字下福良,1955-05,,,,,,,,,,,,,,,耳川,90000,3,,,,,,,,,
fc08_7,32.5100254054755,131.325671224615,九州電力株式会社,塚原水力発電所,宮崎県東臼杵郡諸塚村大字家代,1938-10,,,,,,,,,,,,,,,耳川,63100,3,,,,,,,,,
fc08_8,33.191806371424,130.995671197382,九州電力株式会社,松原水力発電所,大分県日田市天瀬町出口,1971-08,,,,,,,,,,,,,,,筑後川,50600,1,,,,,,,,,
fc08_9,33.3045609847752,130.885404074915,九州電力株式会社,柳又水力発電所,大分県日田市大字内河野,1973-06,,,,,,,,,,,,,,,筑後川,63800,3,,,,,,,,,
fc08_10,34.6788468647137,132.30296292191,中国電力株式会社,滝山川水力発電所,広島県山県郡北広島町細見,1959-01,,,,,,,,,,,,,,,太田川,51500,3,,,,,,,,,
fc08_11,33.5180635367053,134.139111636825,電源開発株式会社,二又水力発電所,高知県安芸郡北川村,1963-01,,,,,,,,,,,,,,,奈半利,72100,3,,,,,,,,,
fc08_12,33.797696241947,134.410146533206,徳島県,日野谷水力発電所,徳島県那賀郡那賀町日浦,1955-11,,,,,,,,,,,,,,,那賀川,62000,3,,,,,,,,,
fc08_13,33.8473058342213,135.826103356636,電源開発株式会社,十津川第二水力発電所,和歌山県新宮市熊野川町,1962-01,,,,,,,,,,,,,,,新宮川,58000,3,,,,,,,,,
fc08_14,33.9727091455852,135.80698363004,電源開発株式会社,十津川第一水力発電所,奈良県吉野郡十津川村,1960-10,,,,,,,,,,,,,,,新宮川,75000,3,,,,,,,,,
fc08_15,33.9599276652552,136.001689835656,電源開発株式会社,七色水力発電所,和歌山県東牟婁郡北山村,1965-07,,,,,,,,,,,,,,,新宮川,82000,3,,,,,,,,,
fc08_16,34.8817564869519,135.826089516653,関西電力株式会社,天ヶ瀬水力発電所,京都府宇治市宇治金井戸,1964-05,,,,,,,,,,,,,,,淀川,92000,1,,,,,,,,,
fc08_17,35.9431605521624,136.641732153462,電源開発株式会社,湯上水力発電所,福井県大野市下打波,1968-05,,,,,,,,,,,,,,,九頭竜川,54000,3,,,,,,,,,
fc08_18,35.2354521985922,137.422685029753,中部電力株式会社,矢作第一水力発電所,岐阜県恵那市串原閑羅瀬1985-113,1970-06,,,,,,,,,,,,,,,矢作川,60700,1,,,,,,,,,
fc08_19,35.6652283118342,136.50253973442,電源開発株式会社,徳山水力発電所,岐阜県揖斐郡揖斐川町東杉原,2014,,,,,,,,,,,,,,,木曽川,153000,1,,,,,,,,,
fc08_20,35.5920438396115,136.455676246247,中部電力株式会社,横山水力発電所,岐阜県揖斐郡揖斐川町東横山字摩生戸1300,1964-04,,,,,,,,,,,,,,,木曽川,70000,1,,,,,,,,,
fc08_21,35.4674449709816,137.168572684398,関西電力株式会社,新丸山水力発電所,岐阜県加茂郡八百津町八百津,1971-05,,,,,,,,,,,,,,,木曽川,63000,3,,,,,,,,,
fc08_22,35.4694452069876,137.160453138982,関西電力株式会社,丸山水力発電所,岐阜県加茂郡八百津町八百津,1954-04,,,,,,,,,,,,,,,木曽川,125000,3,,,,,,,,,
fc08_23,35.4821341154005,137.394363452133,関西電力株式会社,大井水力発電所,岐阜県中津川市蛭川,1924-12,,,,,,,,,,,,,,,木曽川,52000,3,,,,,,,,,
fc08_24,35.5399084541589,137.124496258401,中部電力株式会社,新上麻生水力発電所,岐阜県加茂郡七宗町上麻生字上渡合1475-1,1987-06,,,,,,,,,,,,,,,木曽川,61400,3,,,,,,,,,
fc08_25,35.7303288738183,137.140580704608,中部電力株式会社,馬瀬川第二水力発電所,岐阜県下呂市金山町岩瀬1772,1976-06,,,,,,,,,,,,,,,木曽川,66400,3,,,,,,,,,
fc08_26,36.137551803091,136.90769809279,電源開発株式会社,御母衣水力発電所,岐阜県大野郡白川村牧,1961-01,,,,,,,,,,,,,,,庄川,215000,3,,,,,,,,,
fc08_27,36.1265257764471,136.903102576214,電源開発株式会社,御母衣第二水力発電所,岐阜県大野郡白川村福島,1963-12,,,,,,,,,,,,,,,庄川,59200,3,,,,,,,,,
fc08_28,36.2811177321208,136.644175283546,電源開発株式会社,手取川第一水力発電所,石川県白山市東二口,1979-08,,,,,,,,,,,,,,,手取川,250000,3,,,,,,,,,
fc08_29,36.3194521224588,136.900450083509,関西電力株式会社,新椿原水力発電所,岐阜県大野郡白川村椿原,1975-03,,,,,,,,,,,,,,,庄川,63100,3,,,,,,,,,
fc08_30,36.3837280048348,136.638702491034,北陸電力株式会社,手取川第二水力発電所,石川県白山市河内町久保,1979-07,,,,,,,,,,,,,,,手取川,87000,3,,,,,,,,,
fc08_31,36.3532922242024,136.874614619312,関西電力株式会社,新成出水力発電所,富山県南砺市成出,1975-03,,,,,,,,,,,,,,,庄川,58200,3,,,,,,,,,
fc08_32,36.4763123944867,136.981722934789,関西電力株式会社,祖山水力発電所,富山県南砺市祖山,1930-12,,,,,,,,,,,,,,,庄川,54300,3,,,,,,,,,
fc08_33,36.4782227083133,136.982668000882,関西電力株式会社,新祖山水力発電所,富山県南砺市祖山,1967-02,,,,,,,,,,,,,,,庄川,68000,3,,,,,,,,,
fc08_34,36.5641515288031,136.99648571736,関西電力株式会社,小牧水力発電所,富山県砺波市庄川町金屋,1930-11,,,,,,,,,,,,,,,庄川,82200,3,,,,,,,,,
fc08_35,36.299579456129,137.100462966296,関西電力株式会社,下小鳥水力発電所,岐阜県飛騨市河合町大谷,1973-05,,,,,,,,,,,,,,,神通川,142000,3,,,,,,,,,
fc08_36,36.4590358810658,137.243910642856,関西電力株式会社,蟹寺水力発電所,富山県富山市蟹寺,1925-08,,,,,,,,,,,,,,,神通川,51000,2,,,,,,,,,
fc08_37,36.5059554418587,137.234951265192,北陸電力株式会社,庵谷水力発電所,富山県富山市庵谷,1976-07,,,,,,,,,,,,,,,神通川,50000,3,,,,,,,,,
fc08_38,36.506076966134,137.232882566653,北陸電力株式会社,神通川第一水力発電所,富山県富山市庵谷,1954-01,,,,,,,,,,,,,,,神通川,82000,3,,,,,,,,,
fc08_39,36.5617408038428,137.366550360983,北陸電力株式会社,新中地山水力発電所,富山県富山市中地山,1959-08,,,,,,,,,,,,,,,常願寺川,73500,3,,,,,,,,,
fc08_40,36.5434198790021,137.437220985662,北陸電力株式会社,和田川第二水力発電所,富山県富山市亀谷,1959-06,,,,,,,,,,,,,,,常願寺川,122000,3,,,,,,,,,
fc08_41,36.5451660192448,137.435206496225,北陸電力株式会社,有峰第一水力発電所,富山県富山市亀谷,1981-07,,,,,,,,,,,,,,,常願寺川,265000,3,,,,,,,,,
fc08_42,36.5633532811511,137.395293983212,北陸電力株式会社,有峰第二水力発電所,富山県富山市亀谷,1981-07,,,,,,,,,,,,,,,常願寺川,120000,2,,,,,,,,,
fc08_43,36.6450173622735,137.691738081958,関西電力株式会社,黒部川第四発電所,富山県黒部市,1961-01,,,,,,,,,,,,,,,黒部川,335000,3,,,,,,,,,
fc08_44,36.6957544502171,137.658647494729,関西電力株式会社,黒部川第三発電所,富山県黒部市宇奈月温泉,1940-11,,,,,,,,,,,,,,,黒部川,81000,3,,,,,,,,,
fc08_45,36.6924161885912,137.660019874311,関西電力株式会社,新黒部第三発電所,富山県黒部市宇奈月温泉,1963-10,,,,,,,,,,,,,,,黒部川,107000,3,,,,,,,,,
fc08_46,36.7509062056407,137.640129688287,関西電力株式会社,黒部川第二発電所,富山県黒部市宇奈月温泉,1936-10,,,,,,,,,,,,,,,黒部川,72000,3,,,,,,,,,
fc08_47,36.7466750327741,137.638050417471,関西電力株式会社,新黒部第二発電所,富山県黒部市宇奈月温泉,1966-09,,,,,,,,,,,,,,,黒部川,74200,2,,,,,,,,,
fc08_48,36.8444752482369,137.566840989381,関西電力株式会社,音沢水力発電所,富山県黒部市宇奈月町音澤,1985-07,,,,,,,,,,,,,,,黒部川,124000,3,,,,,,,,,
fc08_49,35.0881675507807,137.804842655986,電源開発株式会社,佐久間水力発電所,静岡県浜松市佐久間町佐久間,1956-04,,,,,,,,,,,,,,,天竜川,350000,3,,,,,,,,,
fc08_50,35.168703621702,137.877377772755,電源開発株式会社,水窪水力発電所,静岡県浜松市水窪町地頭方,1969-05,,,,,,,,,,,,,,,天竜川,50000,3,,,,,,,,,
fc08_51,35.6095146702663,137.595187797956,中部電力株式会社,平岡水力発電所,長野県下伊那郡天龍村大字長島字防地175,1952-01,,,,,,,,,,,,,,,天竜川,101000,3,,,,,,,,,
fc08_52,34.9012433760882,138.111220945151,中部電力株式会社,川口水力発電所,静岡県島田市大字身成字シバガサキ982,1960-11,,,,,,,,,,,,,,,大井川,58000,3,,,,,,,,,
fc08_53,35.0923449421035,138.113788036103,中部電力株式会社,大井川水力発電所,静岡県榛原郡川根本町崎平字ハタマシマ597-1,1936-10,,,,,,,,,,,,,,,大井川,68200,3,,,,,,,,,
fc08_54,35.1653603830773,138.141930586997,中部電力株式会社,奥泉水力発電所,静岡県榛原郡川根本町大字奥泉字倉柱39-2,1956-01,,,,,,,,,,,,,,,大井川,87000,3,,,,,,,,,
fc08_55,35.2100018479466,138.2217458348,中部電力株式会社,井川水力発電所,静岡県静岡市葵区井川2290-2,1957-09,,,,,,,,,,,,,,,大井川,62000,1,,,,,,,,,
fc08_56,35.2675604247962,138.226662711177,中部電力株式会社,畑薙第二水力発電所,静岡県静岡市葵区田代1021,1961-08,,,,,,,,,,,,,,,大井川,85000,3,,,,,,,,,
fc08_57,35.3768332118894,137.811958097945,中部電力株式会社,泰阜水力発電所,長野県下伊那郡泰阜村4627-3,1936-01,,,,,,,,,,,,,,,天竜川,52500,3,,,,,,,,,
fc08_58,35.5880932035647,137.592020509754,関西電力株式会社,読書水力発電所,長野県木曽郡南木曽町読書,1923-12,,,,,,,,,,,,,,,木曽川,117100,3,,,,,,,,,
fc08_59,35.6927690621244,137.668186117143,関西電力株式会社,木曽水力発電所,長野県木曽郡大桑村殿,1968-01,,,,,,,,,,,,,,,木曽川,116000,3,,,,,,,,,
fc08_60,35.8451472702172,137.615005767316,関西電力株式会社,御嶽水力発電所,長野県木曽郡木曽町三岳,1945-06,,,,,,,,,,,,,,,木曽川,68600,3,,,,,,,,,
fc08_61,35.4265934639025,138.404516446717,東京電力株式会社,早川第一水力発電所,山梨県南巨摩郡早川町榑坪,1923-07,,,,,,,,,,,,,,,富士川,51200,2,,,,,,,,,
fc08_62,36.9457578626501,138.660026247389,東京電力株式会社,中津川第一水力発電所,新潟県中魚沼郡津南町穴藤,1924-09,,,,,,,,,,,,,,,信濃川,126000,2,,,,,,,,,
fc08_63,37.0546030876333,138.682889837713,東京電力株式会社,信濃川水力発電所,新潟県中魚沼郡津南町三箇,1939-11,,,,,,,,,,,,,,,信濃川,177000,2,,,,,,,,,
fc08_64,37.3168276883582,139.034251958533,電源開発株式会社,黒又川第一水力発電所,新潟県魚沼市松川,1958-02,,,,,,,,,,,,,,,信濃川,61500,3,,,,,,,,,
fc08_65,37.6962503175778,139.380936736907,東北電力株式会社,揚川水力発電所,新潟県東蒲原郡阿賀町黒岩,1963-05,,,,,,,,,,,,,,,阿武隈川,53600,3,,,,,,,,,
fc08_66,37.7050114433278,139.467280827329,東北電力株式会社,第二鹿瀬水力発電所,新潟県東蒲原郡阿賀町鹿瀬,1973-05,,,,,,,,,,,,,,,阿武隈川,55000,1,,,,,,,,,
fc08_67,37.6977715497511,139.565753552818,東北電力株式会社,豊実水力発電所,新潟県東蒲原郡阿賀町豊実,1929-12,,,,,,,,,,,,,,,阿武隈川,56400,1,,,,,,,,,
fc08_68,37.6975277092612,139.56697340043,東北電力株式会社,第二豊実水力発電所,新潟県東蒲原郡阿賀町豊実,1975-08,,,,,,,,,,,,,,,阿武隈川,57100,1,,,,,,,,,
fc08_69,36.4780295233913,139.030418286735,東京電力株式会社,佐久水力発電所,群馬県渋川市北橘町分郷八崎,1928-11,,,,,,,,,,,,,,,利根川,76800,2,,,,,,,,,
fc08_70,36.8302223166832,139.713026460965,東京電力株式会社,鬼怒川水力発電所,栃木県日光市鬼怒川温泉滝,1963-11,,,,,,,,,,,,,,,利根川,127000,2,,,,,,,,,
fc08_71,37.1549833253937,139.251493276633,電源開発株式会社,奥只見水力発電所,福島県南会津郡檜枝岐村,1960-12,,,,,,,,,,,,,,,阿賀野川,560000,3,,,,,,,,,
fc08_72,37.2159921731429,139.212958221657,電源開発株式会社,大鳥水力発電所,福島県南会津郡只見町田子倉,1963-11,,,,,,,,,,,,,,,阿賀野川,182000,1,,,,,,,,,
fc08_73,37.3115435835525,139.28752001673,電源開発株式会社,田子倉水力発電所,福島県南会津郡只見町田子倉,1959-05,,,,,,,,,,,,,,,阿賀野川,380000,1,,,,,,,,,
fc08_74,37.3326834493487,139.306008168443,電源開発株式会社,只見水力発電所,福島県南会津郡只見町石伏,1989-07,,,,,,,,,,,,,,,阿賀野川,65000,1,,,,,,,,,
fc08_75,37.387233894052,139.384589164285,電源開発株式会社,滝水力発電所,福島県大沼郡金山町田沢,1961-12,,,,,,,,,,,,,,,阿賀野川,92000,1,,,,,,,,,
fc08_76,37.4415923632062,139.493483678552,東北電力株式会社,本名水力発電所,福島県大沼郡金山町本名,1954-08,,,,,,,,,,,,,,,阿武隈川,78000,1,,,,,,,,,
fc08_77,37.4832438823511,139.537459100891,東北電力株式会社,上田水力発電所,福島県大沼郡金山町水沼,1954-03,,,,,,,,,,,,,,,阿武隈川,63900,1,,,,,,,,,
fc08_78,37.4661473234319,139.633835151437,東北電力株式会社,宮下水力発電所,福島県大沼郡三島町宮下,1946-12,,,,,,,,,,,,,,,阿武隈川,94000,3,,,,,,,,,
fc08_79,37.5194061216129,139.705999944613,東北電力株式会社,柳津水力発電所,福島県河沼郡柳津町飯谷,1953-08,,,,,,,,,,,,,,,阿武隈川,75000,1,,,,,,,,,
fc08_80,37.5641005498351,139.763031069498,東北電力株式会社,片門水力発電所,福島県河沼郡会津坂下町坂本,1953-08,,,,,,,,,,,,,,,阿武隈川,57000,1,,,,,,,,,
fc08_81,37.6104857761974,139.737500643113,東北電力株式会社,新郷水力発電所,福島県喜多方市高郷町塩坪,1939-07,,,,,,,,,,,,,,,阿武隈川,51600,1,,,,,,,,,
fc08_82,37.6325270627718,139.631970291823,東北電力株式会社,上野尻水力発電所,福島県耶麻郡西会津町新郷豊洲,1958-08,,,,,,,,,,,,,,,阿武隈川,52000,1,,,,,,,,,
fc08_83,37.5434742812454,140.003535795735,東京電力株式会社,猪苗代第一水力発電所,福島県会津若松市河東町八田,1914-10,,,,,,,,,,,,,,,阿賀野川,62400,2,,,,,,,,,
fc08_84,37.6080921236311,140.131831820093,東京電力株式会社,秋元水力発電所,福島県耶麻郡猪苗代町大字若宮,1940-02,,,,,,,,,,,,,,,阿賀野川,107500,2,,,,,,,,,
fc08_85,38.5416324884345,139.805001117714,東北電力株式会社,八久和水力発電所,山形県鶴岡市下田沢,1958-03,,,,,,,,,,,,,,,赤川,60300,3,,,,,,,,,
fc08_86,38.450980521549,140.0417749677,東北電力株式会社,本道寺水力発電所,山形県西村山郡西川町月岡,1990-06,,,,,,,,,,,,,,,最上川,75000,3,,,,,,,,,
fc08_87,42.9899813756029,141.115865185583,北海道電力株式会社,豊平峡水力発電所,北海道札幌市南区小金湯,1972-06,,,,,,,,,,,,,,,石狩川,50000,3,,,,,,,,,
fc08_88,43.4752822247519,142.27131189466,北海道電力株式会社,滝里水力発電所,北海道芦別市野花南町,1999-07,,,,,,,,,,,,,,,石狩川,57000,3,,,,,,,,,
fc08_89,44.2786801066013,142.336339169278,北海道電力株式会社,雨竜水力発電所,北海道名寄市風連町字西風連,1943-08,,,,,,,,,,,,,,,石狩川,51000,3,,,,,,,,,
fc08_90,32.2492352000638,131.359503121998,九州電力株式会社,小丸川水力発電所,宮崎県児湯郡木城町大字石河内,2011-07,,,,,,,,,,,,,,,小丸川,1200000,3,,,,,,,,,
fc08_91,35.7158693664718,138.892019475993,東京電力株式会社,葛野川水力発電所,山梨県大月市猿橋町殿上,2016,,,,,,,,,,,,,,,富士川　相模川,1600000,3,,,,,,,,,
fc08_92,36.0362122178255,138.684445764972,東京電力株式会社,神流川水力発電所,群馬県多野郡上野村楢原,2016,,,,,,,,,,,,,,,信濃川　利根川,2820000,3,,,,,,,,,
fc08_93,42.9552617393394,140.953558559332,北海道電力株式会社,京極水力発電所,北海道虻田郡京極町字春田,2015-10,,,,,,,,,,,,,,,尻別川,600000,3,,,,,,,,,
fc09_1,32.5063059690233,131.351111094926,九州電力株式会社,諸塚水力発電所,宮崎県東臼杵郡諸塚村大字家代,1961-02,,,,,,,,,,,,,,,耳川,,,50,27,226.4,03_1,03_2,54000,フランシス型,1,1
fc09_2,33.7181389977891,133.268972013746,四国電力株式会社,大森川水力発電所,高知県吾川郡いの町,1959-08,,,,,,,,,,,,,,,吉野川,,,12,12,118,03_3,03_4,12600,ポンプ水車,1,1
fc09_3,33.679416998817,133.668917008096,四国電力株式会社,穴内川水力発電所,高知県香美市,1964-07,,,,,,,,,,,,,,,吉野川,,,13,22,69.5,03_5,03_6,13500,ポンプ水車,1,1
fc09_4,33.8036109995533,134.296250003028,四国電力株式会社,蔭平水力発電所,徳島県那賀郡那賀町大殿字野口2番地の1,1968-05,,,,,,,,,,,,,,,那賀川,,,47,60,89.7,03_7,03_8,47700,ポンプ水車,1,1
fc09_5,34.04066699984,135.974250000015,電源開発株式会社,池原水力発電所,奈良県吉野郡下北山村,1964-09,,,,,,,,,,,,,,,新宮川,,,350,342,120.5,03_9,03_10,95000,ポンプ水車,4,1
fc09_6,34.822388998332,133.40144401152,中国電力株式会社,新成羽川発電所,岡山県高梁市備中町平川3446-2,1968-11,,,,,,,,,,,,,,,高梁川,,,303,424,84.7,03_11,03_12,78250,ポンプ水車,4,1
fc09_7,35.1350829998536,137.789805999998,電源開発株式会社,新豊根水力発電所,愛知県北設楽郡豊根村古真立,1972-11,,,,,,,,,,,,,,,天竜川,,,1125,645,203,03_13,03_14,230000,ポンプ水車,5,1
fc09_8,35.3202499998554,138.184027999983,中部電力株式会社,畑薙第一水力発電所,静岡県静岡市葵区田代1131,1962-09,,,,,,,,,,,,,,,大井川,,,137,160,101.2,03_15,03_16,48600,ポンプ水車,3,1
fc09_9,35.8912499998628,136.684082999995,電源開発株式会社,長野水力発電所,福井県大野市長野,1968-05,,,,,,,,,,,,,,,九頭竜川,,,220,266,97.5,03_17,03_18,113000,ポンプ水車,2,1
fc09_10,35.758832999861,137.157416999998,中部電力株式会社,馬瀬川第一水力発電所,岐阜県下呂市金山町乙原,1976-06,,,,,,,,,,,,,,,木曽川,,,288,335,99.6,03_19,03_20,149000,ポンプ水車,2,1
fc09_11,35.8224439998618,137.637860999999,関西電力株式会社,三尾水力発電所,長野県木曽郡木曽町三岳,1963-05,,,,,,,,,,,,,,,木曽川,,,36,30.9,137.2,03_21,03_22,36000,ポンプ水車,1,1
fc09_12,36.0339439998643,137.491055999999,中部電力株式会社,高根第一水力発電所,岐阜県高山市高根町上ケ洞,1969-09,,,,,,,,,,,,,,,木曽川,,,340,300,135,03_23,03_24,87650,ポンプ水車,4,1
fc09_13,36.1325829998654,137.719777999999,東京電力株式会社,安曇水力発電所,長野県松本市奈川,1969-05,,,,,,,,,,,,,,,信濃川,,,623,540,135.8,03_25,03_26,110000,ポンプ水車,6,1
fc09_14,36.1551389998657,137.748527999999,東京電力株式会社,水殿水力発電所,長野県松本市安曇,1969-10,,,,,,,,,,,,,,,信濃川,,,245,360,79.8,03_27,03_28,64000,ポンプ水車,4,1
fc09_15,36.5148329998699,137.783693999998,東京電力株式会社,新高瀬川水力発電所,長野県大町市平,1979-06,,,,,,,,,,,,,,,信濃川,,,1280,644,229,03_29,03_30,336000,ポンプ水車,4,1
fc09_16,36.9111109998551,139.057610999676,東京電力株式会社,矢木沢水力発電所,群馬県利根郡みなかみ町藤原,1965-12,,,,,,,,,,,,,,,利根川,,,240,300,93.5,03_31,03_32,87200,ポンプ水車,3,1
fc09_17,42.45619398544,142.634193974279,北海道電力株式会社,高見水力発電所,北海道日高郡新ひだか町静内高見,1983-07,,,,,,,,,,,,,,,静内川,,,200,230,104.5,03_33,03_34,103000,ポンプ水車,2,1
fc09_18,42.605638986927,142.555221975678,北海道電力株式会社,新冠水力発電所,北海道新冠郡新冠町字岩清水,1974-08,,,,,,,,,,,,,,,新冠川,,,200,234,99.6,03_35,03_36,103000,ポンプ水車,2,1
fc09_19,32.4243889364771,130.703889156,九州電力株式会社,大平水力発電所,熊本県八代市坂本町鮎帰,1975-12,,,,,,,,,,,,,,,球磨川,,,500,124,490,03_37,03_38,256000,ポンプ水車,2,2
fc09_20,33.3503058895198,130.125722230387,九州電力株式会社,天山水力発電所,佐賀県唐津市厳木町広瀬,1986-12,,,,,,,,,,,,,,,六角川　松浦川,,,600,140,520,03_39,03_40,308000,ポンプ水車,2,2
fc09_21,33.7611669980447,133.346389012461,四国電力株式会社,本川水力発電所,高知県吾川郡いの町脇ノ山,1982-06,,,,,,,,,,,,,,,吉野川,,,615,140,528.4,03_41,03_42,307000,ポンプ水車,9,2
fc09_22,34.5681389936037,132.511667032111,中国電力株式会社,南原水力発電所,広島県広島市安佐北区,1976-07,,,,,,,,,,,,,,,太田川,,,620,254,294,03_43,03_44,318000,ポンプ水車,2,2
fc09_23,34.1129439998399,135.822278000043,関西電力株式会社,奥吉野水力発電所,奈良県吉野郡十津川村旭,1978-06,,,,,,,,,,,,,,,新宮川,,,1206,288,505,03_45,03_46,207000,ポンプ水車,6,2
fc09_24,35.2638059985841,133.484444010323,中国電力株式会社,俣野川水力発電所,鳥取県日野郡江府町武庫1990-1,1986-10,,,,,,,,,,,,,,,日野川　旭川,,,1200,300,489,03_47,03_48,309000,ポンプ水車,4,2
fc09_25,35.1309719997621,134.709528001394,関西電力株式会社,大河内水力発電所,兵庫県神崎郡神河町長谷新田34-1,1992-10,,,,,,,,,,,,,,,市川,,,1280,382,394.7,03_49,03_50,330000,ポンプ水車,4,2
fc09_26,35.2412779997962,134.863944001006,関西電力株式会社,奥多々良木水力発電所,兵庫県朝来市多々良木灰原156-1,1974-06,,,,,,,,,,,,,,,市川　円山川,,,1932,594,387.5,03_51,03_52,340000,ポンプ水車,6,2
fc09_27,34.8953059998501,135.857250000042,関西電力株式会社,喜撰山水力発電所,京都府宇治市池尾南組,1970-01,,,,,,,,,,,,,,,淀川,,,466,248,219.4,03_53,03_54,240000,ポンプ水車,2,2
fc09_28,35.2380872014174,137.418730236138,中部電力株式会社,奥矢作第二水力発電所,愛知県豊田市牛地町駒山,1980-09,,,,,,,,,,,,,,,矢作川,,,780,234,404.6,03_55,03_56,267000,ポンプ水車,3,2
fc09_29,35.1960279998543,137.463610999999,中部電力株式会社,奥矢作第一水力発電所,愛知県豊田市小田木町大水別,1980-09,,,,,,,,,,,,,,,矢作川,,,315,234,161.3,03_57,03_58,115800,ポンプ水車,3,2
fc09_30,36.8457219998669,138.766193999857,電源開発株式会社,奥清津水力発電所,新潟県南魚沼郡湯沢町三国,1978-07,,,,,,,,,,,,,,,信濃川,,,1000,260,470,03_59,03_60,260000,ポンプ水車,4,2
fc09_31,36.8006939998549,139.038888999689,東京電力株式会社,玉原水力発電所,群馬県利根郡みなかみ町藤原,1982-12,,,,,,,,,,,,,,,利根川,,,1200,276,518,03_61,03_62,308000,ポンプ水車,4,2
fc09_32,36.8330279997613,139.669138998737,東京電力株式会社,今市水力発電所,栃木県日光市佐下部,1988-07,,,,,,,,,,,,,,,利根川,,,1050,240,524,03_63,03_64,360000,ポンプ水車,3,2
fc09_33,36.9918889996948,139.869027998195,東京電力株式会社,塩原水力発電所,栃木県那須塩原市蟇沼,1994-06,,,,,,,,,,,,,,,那珂川,,,900,324,338,03_65,03_66,308500,ポンプ水車,3,2
fc09_34,37.3454169996854,139.908693998102,電源開発株式会社,下郷水力発電所,福島県南会津郡下郷町小沼崎半丈乙847-1,1988-03,,,,,,,,,,,,,,,阿賀野川,,,1000,314,387,03_67,03_68,260000,ポンプ水車,4,2
fc09_35,37.4534999997891,139.603110998925,東北電力株式会社,第二沼沢水力発電所,福島県大沼郡金山町沼沢,1981-10,,,,,,,,,,,,,,,阿賀野川,,,460,250,214,03_69,03_70,236000,ポンプ水車,2,2
fc09_36,35.7396698448917,136.672408522028,中部電力株式会社,奥美濃水力発電所,岐阜県本巣市根尾上大須,1994-07,,,,,,,,,,,,,,,木曽川,,,1500,375,485.8,03_71,03_72,259000,ポンプ水車,6,2
fc09_37,36.8454044444531,138.766424257523,電源開発株式会社,奥清津第二水力発電所,新潟県南魚沼郡湯沢町三国,1996-06,,,,,,,,,,,,,,,信濃川,,,600,154,470,03_73,03_74,309000,ポンプ水車,2,2
fc09_38,35.7158693664718,138.892019475993,東京電力株式会社,葛野川水力発電所,山梨県大月市猿橋町殿上,1999-12,,,,,,,,,,,,,,,富士川　相模川,,,800,140,714,03_75,03_76,412000,ポンプ水車,2,2
fc09_39,36.8441636495634,140.118775347401,電源開発株式会社,沼原水力発電所,栃木県那須塩原市板室字滝ノ沢897-6,1973-06,,,,,,,,,,,,,,,那珂川,,,675,172.5,478,03_77,03_78,230000,ポンプ水車,3,2
fc09_40,36.0362122178255,138.684445764972,東京電力株式会社,神流川水力発電所,群馬県多野郡上野村楢原,2005-12,,,,,,,,,,,,,,,信濃川　利根川,,,470,85,653,03_79,03_80,482000,ポンプ水車,1,2
fc09_41,35.604283071965,139.274630037666,神奈川県,城山水力発電所,神奈川県相模原市城山町川尻龍篭4454-3,1965-11,,,,,,,,,,,,,,,相模川,,,250,192,153,03_81,03_82,65000,ポンプ水車,4,2
fc09_42,36.8492406844171,138.192920488289,東北電力株式会社,池尻川水力発電所,長野県上水内郡信濃町野尻,1934-04,,,,,,,,,,,,,,,関川,,,2,4.17,74.2,03_83,03_84,1340,フランシス型,2,1
fc09_43,32.2492352000881,131.359503122127,九州電力株式会社,小丸川水力発電所,宮崎県児湯郡木城町大字石河内,2011-07,,,,,,,,,,,,,,,小丸川,,,1200,222,646,03_85,03_86,300000,ポンプ水車,4,2
fc09_44,35.7158693664718,138.892019475993,東京電力株式会社,葛野川水力発電所,山梨県大月市猿橋町殿上,2016,,,,,,,,,,,,,,,富士川　相模川,,,800,140,714,03_87,03_88,412000,ポンプ水車,2,2
fc09_45,36.0362122178255,138.684445764972,東京電力株式会社,神流川水力発電所,群馬県多野郡上野村楢原,2016,,,,,,,,,,,,,,,利根川,,,2350,85,653,03_89,03_90,470000,ポンプ水車,5,2
fc09_46,42.9552617393424,140.953558559264,北海道電力株式会社,京極水力発電所,北海道虻田郡京極町字春田,2015-10,,,,,,,,,,,,,,,尻別川,,,600,191,369,03_91,03_92,2000000,ポンプ水車,3,2
fc12_1,31.4191399727594,130.122794406299,九州電力株式会社,野間岬ウィンドパーク発電所,鹿児島県南さつま市笠沙町片浦,2003-03,1,0.3,,,,,,,,,,,,,,,,,,,,,,,,
fc12_2,31.4191399727594,130.122794406299,九州電力株式会社,野間岬ウィンドパーク発電所,鹿児島県南さつま市笠沙町片浦,2003-03,2,0.3,,,,,,,,,,,,,,,,,,,,,,,,
fc12_3,31.4191399727594,130.122794406299,九州電力株式会社,野間岬ウィンドパーク発電所,鹿児島県南さつま市笠沙町片浦,2003-03,3,0.3,,,,,,,,,,,,,,,,,,,,,,,,
fc12_4,31.4191399727594,130.122794406299,九州電力株式会社,野間岬ウィンドパーク発電所,鹿児島県南さつま市笠沙町片浦,2003-03,4,0.3,,,,,,,,,,,,,,,,,,,,,,,,
fc12_5,31.4191399727594,130.122794406299,九州電力株式会社,野間岬ウィンドパーク発電所,鹿児島県南さつま市笠沙町片浦,2003-03,5,0.3,,,,,,,,,,,,,,,,,,,,,,,,
fc12_6,31.4191399727594,130.122794406299,九州電力株式会社,野間岬ウィンドパーク発電所,鹿児島県南さつま市笠沙町片浦,2003-03,6,0.3,,,,,,,,,,,,,,,,,,,,,,,,
fc12_7,31.4191399727594,130.122794406299,九州電力株式会社,野間岬ウィンドパーク発電所,鹿児島県南さつま市笠沙町片浦,2003-03,7,0.3,,,,,,,,,,,,,,,,,,,,,,,,
fc12_8,31.4191399727594,130.122794406299,九州電力株式会社,野間岬ウィンドパーク発電所,鹿児島県南さつま市笠沙町片浦,2003-03,8,0.3,,,,,,,,,,,,,,,,,,,,,,,,
fc12_9,31.4191399727594,130.122794406299,九州電力株式会社,野間岬ウィンドパーク発電所,鹿児島県南さつま市笠沙町片浦,2003-03,9,0.3,,,,,,,,,,,,,,,,,,,,,,,,
fc12_10,31.4191399727594,130.122794406299,九州電力株式会社,野間岬ウィンドパーク発電所,鹿児島県南さつま市笠沙町片浦,2003-03,10,0.3,,,,,,,,,,,,,,,,,,,,,,,,
fc12_11,31.829434828307,129.917277914874,九州電力株式会社,甑島風力発電所,鹿児島県薩摩川内市里町大字里字山神,2003-03,1,0.25,,,,,,,,,,,,,,,,,,,,,,,,
fc12_12,33.2672932911336,134.178994201122,四国電力株式会社,室戸風力発電所,高知県室戸市室戸岬町字城山7036-16,2003-03,1,0.3,,,,,,,,,,,,,,,,,,,,,,,,
fc12_13,34.7964368855294,139.043822708005,東京電力株式会社,東伊豆風力発電所,静岡県賀茂郡東伊豆町,2009-03,1,1.1,,,,,,,,,,,,,,,,,,,,,,,,
fc12_14,34.6329800373325,138.110903659235,中部電力株式会社,風力発電所,静岡県御前崎市,2009-02,1,0.8,,,,,,,,,,,,,,,,,,,,,,,,
fc12_15,34.6329800373325,138.110903659235,中部電力株式会社,風力発電所,静岡県御前崎市,2010-06,1,1.6,,,,,,,,,,,,,,,,,,,,,,,,
fc12_16,33.0748985018887,139.812341829323,東京電力株式会社,八丈島風力発電所,東京都八丈町中之郷2872,2000-03,1,0.5,,,,,,,,,,,,,,,,,,,,,,,,
fc13_1,33.9015084884841,132.729074226585,四国電力株式会社,松山太陽光発電所,愛媛県松山市勝岡町1163,2003-03,1,0.3,,,,,,,,,,,,,,,,,,,,,,,,